# --- MATERIAL(MATE) ---
# MATE,   ID,       NAME,        E,        G,    Gamma,    Alpha,       Fy
#     ,     ,           ,    N/mm2,    N/mm2,    kN/m3,        -,    N/mm2

MATE, 0, E120F330, 12000, 800, 5, 0, 22, 
MATE, 1, SN400, 205000, 79000, 77, 0, 235, 
MATE, 2, FC24, 22669, 9445, 24, 0, 16, 
MATE, 3, E65F225_ws, 6500, 433, 0, 0, 18, 

# --- SECTION(SECT) ---
# SECT,   ID,       NAME,    MAT,   TYPE,     DIM1,     DIM2,     DIM3,     DIM4
#     ,     ,           ,       ,       ,       mm,       mm,       mm,       mm
#   TYPE: 0=RECT  1=CIRC  2=I  3=CHS  4=RHS
#   DIM3,DIM4: optional; omit for types with fewer dimensions

SECT,      0,    120x120,      0,      0,      120,      120
SECT,      1,        d20,      1,      1,       20
SECT,      2,    120x120,      0,      0,      120,      120
SECT,      3,    300x450,      2,      0,      450,      300
SECT,      4,  G:120x300,      0,      0,      300,      120
SECT,      5,    120x300,      0,      0,      300,      120
SECT,      6,    120x120,      0,      0,      120,      120
SECT,      7,    120x300,      0,      0,      300,      120
SECT,      8,    120x300,      0,      0,      300,      120
SECT,      9,    120x120,      0,      0,      120,      120
SECT,     10,    120x300,      0,      0,      300,      120
SECT,     11,    120x300,      0,      0,      300,      120
SECT,     12,    120x120,      0,      0,      120,      120
SECT,     13,       yama,      1,      2,      150,      100,        7,       10
SECT,     14,       slab,      3,      0,    15.22,    15.22
SECT,     15,       slab,      3,      0,    14.75,    14.75
SECT,     16,       slab,      3,      0,    22.45,    22.45
SECT,     17,       slab,      3,      0,    46.24,    46.24
SECT,     18,       slab,      3,      0,    21.29,    21.29
SECT,     19,       wall,      3,      0,    37.48,    37.48
SECT,     20,       wall,      3,      0,    43.83,    43.83
SECT,     21,       wall,      3,      0,    31.56,    31.56
SECT,     22,       wall,      3,      0,    42.57,    42.57
SECT,     23,       wall,      3,      0,    35.83,    35.83
SECT,     24,       wall,      3,      0,    37.23,    37.23
SECT,     25,       wall,      3,      0,    31.35,    31.35

# --- NODE ---
# NODE,   ID,         X,         Y,         Z
#     ,     ,         m,         m,         m

NODE,      0,       0.0,     7.795,       0.3
NODE,      1,       0.0,     7.795,     3.035
NODE,      2,       0.0,     6.885,       0.3
NODE,      3,       0.0,     6.885,     3.035
NODE,      4,       0.0,     5.975,       0.3
NODE,      5,       0.0,     5.975,     3.035
NODE,      6,       0.0,     5.065,       0.3
NODE,      7,       0.0,     5.065,     3.035
NODE,      8,       0.0,     4.155,       0.3
NODE,      9,       0.0,     4.155,     3.035
NODE,     10,       0.0,     3.245,       0.3
NODE,     11,       0.0,     3.245,     3.035
NODE,     12,       0.0,     2.335,       0.3
NODE,     13,       0.0,     2.335,     3.035
NODE,     14,       4.5,     4.155,       0.3
NODE,     15,       4.5,     4.155,     3.035
NODE,     16,       4.5,     5.975,       0.3
NODE,     17,       4.5,     5.975,     3.035
NODE,     18,       4.5,     7.795,       0.3
NODE,     19,       4.5,     7.795,     3.035
NODE,     20,       4.5,     6.885,       0.3
NODE,     21,       4.5,     6.885,     3.035
NODE,     22,       4.5,     5.065,       0.3
NODE,     23,       4.5,     5.065,     3.035
NODE,     24,       6.3,     5.975,       0.3
NODE,     25,       6.3,     5.975,     3.035
NODE,     26,       6.3,     6.885,       0.3
NODE,     27,       6.3,     6.885,     3.035
NODE,     28,       6.3,     7.795,       0.3
NODE,     29,       6.3,     7.795,     3.035
NODE,     30,       0.9,     7.795,       0.3
NODE,     31,       0.9,     7.795,     3.035
NODE,     32,       6.3,     4.155,       0.3
NODE,     33,       6.3,     4.155,     3.035
NODE,     34,       6.3,     3.245,       0.3
NODE,     35,       6.3,     3.245,     3.035
NODE,     36,       6.3,     2.335,       0.3
NODE,     37,       6.3,     2.335,     3.035
NODE,     38,       4.5,     2.335,       0.3
NODE,     39,       4.5,     2.335,     3.035
NODE,     40,       4.5,     1.425,       0.3
NODE,     41,       4.5,     1.425,     3.035
NODE,     42,       0.0,     1.425,       0.3
NODE,     43,       0.0,     1.425,     3.035
NODE,     44,       6.3,     0.515,       0.3
NODE,     45,       6.3,     0.515,     3.035
NODE,     46,       0.0,     0.515,       0.3
NODE,     47,       0.0,     0.515,     3.035
NODE,     48,       6.3,     5.065,       0.3
NODE,     49,       6.3,     5.065,     3.035
NODE,     50,       5.4,     5.065,       0.3
NODE,     51,       5.4,     5.065,     3.035
NODE,     52,       5.4,     7.795,       0.3
NODE,     53,       5.4,     7.795,     3.035
NODE,     54,       0.9,       0.0,       0.3
NODE,     55,       0.9,       0.0,     3.035
NODE,     56,       6.3,       0.0,       0.3
NODE,     57,       6.3,       0.0,     3.035
NODE,     58,       4.5,       0.0,       0.3
NODE,     59,       4.5,       0.0,     3.035
NODE,     60,       3.6,       0.0,       0.3
NODE,     61,       3.6,       0.0,     3.035
NODE,     62,       0.0,       0.0,       0.3
NODE,     63,       0.0,       0.0,     3.035
NODE,     64,       5.7,       0.0,       0.3
NODE,     65,       5.7,       0.0,     3.035
NODE,     66,       1.8,     5.975,       0.3
NODE,     67,       1.8,     5.975,     3.035
NODE,     68,       0.9,     5.975,       0.3
NODE,     69,       0.9,     5.975,     3.035
NODE,     70,       2.7,     7.795,       0.3
NODE,     71,       2.7,     7.795,     3.035
NODE,     72,       1.8,     7.795,       0.3
NODE,     73,       1.8,     7.795,     3.035
NODE,     74,       3.6,     7.795,       0.3
NODE,     75,       3.6,     7.795,     3.035
NODE,     76,       5.7,     1.425,       0.3
NODE,     77,       5.7,     1.425,     3.035
NODE,     78,       6.3,     1.425,       0.3
NODE,     79,       6.3,     1.425,     3.035
NODE,     80,       0.0,     7.795,     6.045
NODE,     81,       0.0,     6.885,     6.045
NODE,     82,       0.0,     5.975,     6.045
NODE,     83,       0.0,     5.065,     6.045
NODE,     84,       0.0,     4.155,     6.045
NODE,     85,       0.0,     3.245,     6.045
NODE,     86,       0.0,     2.335,     6.045
NODE,     87,       4.5,     4.155,     6.045
NODE,     88,       4.5,     7.795,     6.045
NODE,     89,       4.5,     3.245,     3.035
NODE,     90,       4.5,     3.245,     6.045
NODE,     91,       4.5,     2.335,     6.045
NODE,     92,       4.5,     1.425,     6.045
NODE,     93,       4.5,     0.515,     3.035
NODE,     94,       4.5,     0.515,     6.045
NODE,     95,       4.5,     5.975,     6.045
NODE,     96,       4.5,     6.885,     6.045
NODE,     97,       4.5,     5.065,     6.045
NODE,     98,       6.3,     6.885,     6.045
NODE,     99,       6.3,     5.975,     6.045
NODE,    100,       6.3,     7.795,     6.045
NODE,    101,       0.9,     7.795,     6.045
NODE,    102,       5.4,     2.335,     3.035
NODE,    103,       5.4,     2.335,     6.045
NODE,    104,       3.6,     7.795,     6.045
NODE,    105,       6.3,     4.155,     6.045
NODE,    106,       6.3,     3.245,     6.045
NODE,    107,       6.3,     2.335,     6.045
NODE,    108,       6.3,     1.425,     6.045
NODE,    109,       0.0,     1.425,     6.045
NODE,    110,       6.3,     0.515,     6.045
NODE,    111,       0.0,     0.515,     6.045
NODE,    112,       6.3,     5.065,     6.045
NODE,    113,       5.4,     7.795,     6.045
NODE,    114,       0.9,       0.0,     6.045
NODE,    115,       5.4,       0.0,     3.035
NODE,    116,       5.4,       0.0,     6.045
NODE,    117,       0.0,       0.0,     6.045
NODE,    118,       4.5,       0.0,     6.045
NODE,    119,       6.3,       0.0,     6.045
NODE,    120,       3.6,       0.0,     6.045
NODE,    121,       2.7,     7.795,     6.045
NODE,    122,       0.0,     6.885,      8.62
NODE,    123,       0.0,     5.975,      8.62
NODE,    124,       0.0,     5.065,      8.62
NODE,    125,       0.0,     4.155,      8.62
NODE,    126,       0.0,     3.245,      8.62
NODE,    127,       0.0,     2.335,      8.62
NODE,    128,       4.5,     7.795,      8.62
NODE,    129,       4.5,     4.155,      8.62
NODE,    130,       4.5,     3.245,      8.62
NODE,    131,       4.5,     2.335,      8.62
NODE,    132,       4.5,     5.065,      8.62
NODE,    133,       4.5,     6.885,      8.62
NODE,    134,       4.5,     5.975,      8.62
NODE,    135,       0.0,     7.795,      8.62
NODE,    136,       6.3,     4.155,      8.62
NODE,    137,       6.3,     3.245,      8.62
NODE,    138,       6.3,     2.335,      8.62
NODE,    139,       6.3,     7.795,      8.62
NODE,    140,       6.3,     5.065,      8.62
NODE,    141,       6.3,     6.885,      8.62
NODE,    142,       6.3,     5.975,      8.62
NODE,    143,       0.9,     7.795,      8.62
NODE,    144,       3.6,     7.795,      8.62
NODE,    145,       5.4,     7.795,      8.62
NODE,    146,       5.4,     2.335,      8.62
NODE,    147,       5.4,     1.425,     6.045
NODE,    148,       5.4,     1.425,      8.62
NODE,    149,       0.9,       0.0,      8.62
NODE,    150,       5.4,       0.0,      8.62
NODE,    151,       3.6,       0.0,      8.62
NODE,    152,       0.0,       0.0,      8.62
NODE,    153,       4.5,       0.0,      8.62
NODE,    154,       6.3,       0.0,      8.62
NODE,    155,       0.0,     0.515,      8.62
NODE,    156,       4.5,     0.515,      8.62
NODE,    157,       6.3,     0.515,      8.62
NODE,    158,       0.0,     1.425,      8.62
NODE,    159,       4.5,     1.425,      8.62
NODE,    160,       6.3,     1.425,      8.62
NODE,    161,       6.3,      -1.5,     3.035
NODE,    162,       6.3,      -1.5,     6.045
NODE,    163,       6.3,      -1.5,      8.62
NODE,    164,       4.5,       0.0,     9.995
NODE,    165,       4.5,     7.795,     9.995
NODE,    166,       4.5,     6.885,     9.995
NODE,    167,       4.5,     5.975,     9.995
NODE,    168,       4.5,     5.065,     9.995
NODE,    169,       4.5,     4.155,     9.995
NODE,    170,       4.5,     3.245,     9.995
NODE,    171,       4.5,     2.335,     9.995
NODE,    172,       4.5,     1.425,     9.995
NODE,    173,       4.5,     0.515,     9.995
NODE,    174,       3.6,       0.0,      9.72
NODE,    175,       2.7,       0.0,      8.62
NODE,    176,       2.7,       0.0,     9.445
NODE,    177,       1.8,       0.0,      8.62
NODE,    178,       1.8,       0.0,      9.17
NODE,    179,       0.9,       0.0,     8.895
NODE,    180,       5.4,       0.0,     9.308
NODE,    181,      2.25,       0.0,       0.3
NODE,    182,      2.25,     2.335,       0.3
NODE,    183,      2.25,     7.795,       0.3
NODE,    184,      2.25,     5.975,       0.3
NODE,    185,      2.25,     1.425,       0.3
NODE,    186,      2.25,     5.065,       0.3
NODE,    187,       4.5,     3.245,       0.3
NODE,    188,      2.25,     3.245,       0.3
NODE,    189,      2.25,     4.155,       0.3
NODE,    190,      2.25,     6.885,       0.3
NODE,    191,       2.7,     5.975,     3.035
NODE,    192,       3.6,     5.975,     3.035
NODE,    193,       0.9,     6.885,     3.035
NODE,    194,       1.8,     6.885,     3.035
NODE,    195,       2.7,     6.885,     3.035
NODE,    196,       3.6,     6.885,     3.035
NODE,    197,       0.9,     5.065,     3.035
NODE,    198,       1.8,     5.065,     3.035
NODE,    199,       2.7,     5.065,     3.035
NODE,    200,       3.6,     5.065,     3.035
NODE,    201,       0.9,     4.155,     3.035
NODE,    202,       1.8,     4.155,     3.035
NODE,    203,       2.7,     4.155,     3.035
NODE,    204,       3.6,     4.155,     3.035
NODE,    205,       0.9,     3.245,     3.035
NODE,    206,       1.8,     3.245,     3.035
NODE,    207,       2.7,     3.245,     3.035
NODE,    208,       3.6,     3.245,     3.035
NODE,    209,       0.9,     2.335,     3.035
NODE,    210,       1.8,     2.335,     3.035
NODE,    211,       2.7,     2.335,     3.035
NODE,    212,       3.6,     2.335,     3.035
NODE,    213,       0.9,     1.425,     3.035
NODE,    214,       1.8,     1.425,     3.035
NODE,    215,       2.7,     1.425,     3.035
NODE,    216,       3.6,     1.425,     3.035
NODE,    217,       1.8,       0.0,     3.035
NODE,    218,       2.7,       0.0,     3.035
NODE,    219,       0.9,     0.515,     3.035
NODE,    220,       1.8,     0.515,     3.035
NODE,    221,       2.7,     0.515,     3.035
NODE,    222,       3.6,     0.515,     3.035
NODE,    223,       5.4,     0.515,     3.035
NODE,    224,       3.6,    -0.526,     3.035
NODE,    225,       4.5,    -0.601,     3.035
NODE,    226,       6.3,     -0.75,     3.035
NODE,    227,       0.9,    -0.302,     3.035
NODE,    228,       3.6,    -1.052,     3.035
NODE,    229,       0.9,    -0.604,     3.035
NODE,    230,       4.5,    -1.201,     3.035
NODE,    231,       5.4,     5.975,     3.035
NODE,    232,       5.4,     6.885,     3.035
NODE,    233,       5.4,     1.425,     3.035
NODE,    234,       1.8,     7.795,     6.045
NODE,    235,       0.9,     6.885,     6.045
NODE,    236,       1.8,     6.885,     6.045
NODE,    237,       2.7,     6.885,     6.045
NODE,    238,       3.6,     6.885,     6.045
NODE,    239,       0.9,     5.975,     6.045
NODE,    240,       1.8,     5.975,     6.045
NODE,    241,       2.7,     5.975,     6.045
NODE,    242,       3.6,     5.975,     6.045
NODE,    243,       0.9,     5.065,     6.045
NODE,    244,       1.8,     5.065,     6.045
NODE,    245,       2.7,     5.065,     6.045
NODE,    246,       3.6,     5.065,     6.045
NODE,    247,       0.9,     4.155,     6.045
NODE,    248,       1.8,     4.155,     6.045
NODE,    249,       2.7,     4.155,     6.045
NODE,    250,       3.6,     4.155,     6.045
NODE,    251,       0.9,     3.245,     6.045
NODE,    252,       1.8,     3.245,     6.045
NODE,    253,       2.7,     3.245,     6.045
NODE,    254,       3.6,     3.245,     6.045
NODE,    255,       0.9,     2.335,     6.045
NODE,    256,       1.8,     2.335,     6.045
NODE,    257,       2.7,     2.335,     6.045
NODE,    258,       3.6,     2.335,     6.045
NODE,    259,       0.9,     1.425,     6.045
NODE,    260,       1.8,     1.425,     6.045
NODE,    261,       2.7,     1.425,     6.045
NODE,    262,       3.6,     1.425,     6.045
NODE,    263,       5.4,     0.515,     6.045
NODE,    264,       0.9,     0.515,     6.045
NODE,    265,       1.8,     0.515,     6.045
NODE,    266,       2.7,     0.515,     6.045
NODE,    267,       3.6,     0.515,     6.045
NODE,    268,       1.8,       0.0,     6.045
NODE,    269,       2.7,       0.0,     6.045
NODE,    270,       4.5,    -0.601,     6.045
NODE,    271,       6.3,     -0.75,     6.045
NODE,    272,       3.6,    -0.526,     6.045
NODE,    273,       0.9,    -0.302,     6.045
NODE,    274,       4.5,    -1.201,     6.045
NODE,    275,       3.6,    -1.052,     6.045
NODE,    276,       0.9,    -0.604,     6.045
NODE,    277,       5.4,     6.885,     6.045
NODE,    278,       5.4,     5.065,     6.045
NODE,    279,       5.4,     5.975,     6.045
NODE,    280,       0.0,    -0.455,      8.62
NODE,    281,       4.5,    -1.201,     9.995
NODE,    282,       5.4,    -1.351,     6.045
NODE,    283,       5.4,    -1.351,     3.035
NODE,    284,       3.6,    -1.052,      9.72
NODE,    285,       2.7,    -0.903,     9.445
NODE,    286,       1.8,    -0.754,      9.17
NODE,    287,       0.9,    -0.604,     8.895
NODE,    288,       3.6,     0.515,      9.72
NODE,    289,       2.7,     0.515,     9.445
NODE,    290,       1.8,     0.515,      9.17
NODE,    291,       0.9,     0.515,     8.895
NODE,    292,       5.4,    -1.351,     9.308
NODE,    293,       5.4,     0.515,     9.308
NODE,    294,       2.7,    -0.903,     6.045
NODE,    295,       1.8,    -0.754,     6.045
NODE,    296,       2.7,    -0.903,     3.035
NODE,    297,       1.8,    -0.754,     3.035
NODE,    298,       3.6,     1.425,      9.72
NODE,    299,       0.9,     1.425,     8.895
NODE,    300,       1.8,     1.425,      9.17
NODE,    301,       2.7,     1.425,     9.445
NODE,    302,       5.4,     1.425,     9.308

# --- ELEMENT(ELEM) ---
# ELEM,   ID,     Ni,     Nj,    SEC,     Beta
#     ,     ,       ,       ,       ,      deg

ELEM,      0,      0,      1,      0,      0.0
ELEM,      1,      2,      3,      0,      0.0
ELEM,      2,      4,      5,      0,      0.0
ELEM,      3,      6,      7,      0,      0.0
ELEM,      4,      8,      9,      0,      0.0
ELEM,      5,     10,     11,      0,      0.0
ELEM,      6,     12,     13,      0,      0.0
ELEM,      7,     14,     15,      0,      0.0
ELEM,      8,     16,     17,      0,      0.0
ELEM,      9,     18,     19,      0,      0.0
ELEM,     10,     20,     21,      0,      0.0
ELEM,     11,     22,     23,      0,      0.0
ELEM,     12,     24,     25,      0,      0.0
ELEM,     13,     26,     27,      0,      0.0
ELEM,     14,     28,     29,      0,      0.0
ELEM,     15,     30,     31,      0,      0.0
ELEM,     16,     32,     33,      0,      0.0
ELEM,     17,     34,     35,      0,      0.0
ELEM,     18,     36,     37,      0,      0.0
ELEM,     19,     38,     39,      0,      0.0
ELEM,     20,     40,     41,      0,      0.0
ELEM,     21,     42,     43,      0,      0.0
ELEM,     22,     44,     45,      0,      0.0
ELEM,     23,     46,     47,      0,      0.0
ELEM,     24,     48,     49,      0,      0.0
ELEM,     25,     50,     51,      0,      0.0
ELEM,     26,     52,     53,      0,      0.0
ELEM,     27,     54,     55,      0,      0.0
ELEM,     28,     56,     57,      0,      0.0
ELEM,     29,     58,     59,      0,      0.0
ELEM,     30,     60,     61,      0,      0.0
ELEM,     31,     62,     63,      0,      0.0
ELEM,     32,     64,     65,      0,      0.0
ELEM,     33,     54,     55,      0,      0.0
ELEM,     34,     56,     57,      0,      0.0
ELEM,     35,     58,     59,      0,      0.0
ELEM,     36,     60,     61,      0,      0.0
ELEM,     37,     62,     63,      0,      0.0
ELEM,     38,     64,     65,      0,      0.0
ELEM,     39,     66,     67,      0,      0.0
ELEM,     40,     68,     69,      0,      0.0
ELEM,     41,     70,     71,      0,      0.0
ELEM,     42,     72,     73,      0,      0.0
ELEM,     43,     74,     75,      0,      0.0
ELEM,     44,     76,     77,      0,      0.0
ELEM,     45,     78,     79,      0,      0.0
ELEM,     46,      1,     80,      0,      0.0
ELEM,     47,      3,     81,      0,      0.0
ELEM,     48,      5,     82,      0,      0.0
ELEM,     49,      7,     83,      0,      0.0
ELEM,     50,      9,     84,      0,      0.0
ELEM,     51,     11,     85,      0,      0.0
ELEM,     52,     13,     86,      0,      0.0
ELEM,     53,     15,     87,      0,      0.0
ELEM,     54,     19,     88,      0,      0.0
ELEM,     55,     89,     90,      0,      0.0
ELEM,     56,     39,     91,      0,      0.0
ELEM,     57,     41,     92,      0,      0.0
ELEM,     58,     93,     94,      0,      0.0
ELEM,     59,     17,     95,      0,      0.0
ELEM,     60,     21,     96,      0,      0.0
ELEM,     61,     23,     97,      0,      0.0
ELEM,     62,     27,     98,      0,      0.0
ELEM,     63,     25,     99,      0,      0.0
ELEM,     64,     29,    100,      0,      0.0
ELEM,     65,     31,    101,      0,      0.0
ELEM,     66,    102,    103,      0,      0.0
ELEM,     67,     75,    104,      0,      0.0
ELEM,     68,     33,    105,      0,      0.0
ELEM,     69,     35,    106,      0,      0.0
ELEM,     70,     37,    107,      0,      0.0
ELEM,     71,     79,    108,      0,      0.0
ELEM,     72,     43,    109,      0,      0.0
ELEM,     73,     45,    110,      0,      0.0
ELEM,     74,     47,    111,      0,      0.0
ELEM,     75,     49,    112,      0,      0.0
ELEM,     76,     53,    113,      0,      0.0
ELEM,     77,     55,    114,      0,      0.0
ELEM,     78,    115,    116,      0,      0.0
ELEM,     79,     63,    117,      0,      0.0
ELEM,     80,     59,    118,      0,      0.0
ELEM,     81,     57,    119,      0,      0.0
ELEM,     82,     61,    120,      0,      0.0
ELEM,     83,     63,    117,      0,      0.0
ELEM,     84,    115,    116,      0,      0.0
ELEM,     85,     55,    114,      0,      0.0
ELEM,     86,     61,    120,      0,      0.0
ELEM,     87,     57,    119,      0,      0.0
ELEM,     88,     59,    118,      0,      0.0
ELEM,     89,     71,    121,      0,      0.0
ELEM,     90,     81,    122,      0,      0.0
ELEM,     91,     82,    123,      0,      0.0
ELEM,     92,     83,    124,      0,      0.0
ELEM,     93,     84,    125,      0,      0.0
ELEM,     94,     85,    126,      0,      0.0
ELEM,     95,     86,    127,      0,      0.0
ELEM,     96,     88,    128,      0,      0.0
ELEM,     97,     87,    129,      0,      0.0
ELEM,     98,     90,    130,      0,      0.0
ELEM,     99,     91,    131,      0,      0.0
ELEM,    100,     97,    132,      0,      0.0
ELEM,    101,     96,    133,      0,      0.0
ELEM,    102,     95,    134,      0,      0.0
ELEM,    103,     80,    135,      0,      0.0
ELEM,    104,    105,    136,      0,      0.0
ELEM,    105,    106,    137,      0,      0.0
ELEM,    106,    107,    138,      0,      0.0
ELEM,    107,    100,    139,      0,      0.0
ELEM,    108,    112,    140,      0,      0.0
ELEM,    109,     98,    141,      0,      0.0
ELEM,    110,     99,    142,      0,      0.0
ELEM,    111,    101,    143,      0,      0.0
ELEM,    112,    104,    144,      0,      0.0
ELEM,    113,    113,    145,      0,      0.0
ELEM,    114,    103,    146,      0,      0.0
ELEM,    115,    147,    148,      0,      0.0
ELEM,    116,    114,    149,      0,      0.0
ELEM,    117,    116,    150,      0,      0.0
ELEM,    118,    120,    151,      0,      0.0
ELEM,    119,    117,    152,      0,      0.0
ELEM,    120,    118,    153,      0,      0.0
ELEM,    121,    119,    154,      0,      0.0
ELEM,    122,    111,    155,      0,      0.0
ELEM,    123,     94,    156,      0,      0.0
ELEM,    124,    110,    157,      0,      0.0
ELEM,    125,    109,    158,      0,      0.0
ELEM,    126,     92,    159,      0,      0.0
ELEM,    127,    108,    160,      0,      0.0
ELEM,    128,    161,    162,      1,      0.0
ELEM,    129,    162,    163,      1,      0.0
ELEM,    130,    163,    164,      1,      0.0
ELEM,    131,    128,    165,      2,      0.0
ELEM,    132,    133,    166,      2,      0.0
ELEM,    133,    134,    167,      2,      0.0
ELEM,    134,    132,    168,      2,      0.0
ELEM,    135,    129,    169,      2,      0.0
ELEM,    136,    130,    170,      2,      0.0
ELEM,    137,    131,    171,      2,      0.0
ELEM,    138,    159,    172,      2,      0.0
ELEM,    139,    156,    173,      2,      0.0
ELEM,    140,    153,    164,      2,      0.0
ELEM,    141,    151,    174,      2,      0.0
ELEM,    142,    175,    176,      2,      0.0
ELEM,    143,    177,    178,      2,      0.0
ELEM,    144,    149,    179,      2,      0.0
ELEM,    145,    150,    180,      2,      0.0
ELEM,    146,     62,     54,      3,      0.0
ELEM,    147,     60,     58,      3,      0.0
ELEM,    148,      0,     30,      3,      0.0
ELEM,    149,     74,     18,      3,      0.0
ELEM,    150,     54,    181,      3,      0.0
ELEM,    151,    181,     60,      3,      0.0
ELEM,    152,     12,    182,      3,      0.0
ELEM,    153,     62,     54,      3,      0.0
ELEM,    154,     60,     58,      3,      0.0
ELEM,    155,     54,    181,      3,      0.0
ELEM,    156,    181,     60,      3,      0.0
ELEM,    157,     30,     72,      3,      0.0
ELEM,    158,     72,    183,      3,      0.0
ELEM,    159,    183,     70,      3,      0.0
ELEM,    160,     70,     74,      3,      0.0
ELEM,    161,      4,     68,      3,      0.0
ELEM,    162,     68,     66,      3,      0.0
ELEM,    163,     66,    184,      3,      0.0
ELEM,    164,    185,     40,      3,      0.0
ELEM,    165,    186,     22,      3,      0.0
ELEM,    166,    187,     34,      3,      0.0
ELEM,    167,    188,    187,      3,      0.0
ELEM,    168,     62,     46,      3,      0.0
ELEM,    169,     46,     42,      3,      0.0
ELEM,    170,     42,     12,      3,      0.0
ELEM,    171,     12,     10,      3,      0.0
ELEM,    172,     10,      8,      3,      0.0
ELEM,    173,      8,      6,      3,      0.0
ELEM,    174,      6,      4,      3,      0.0
ELEM,    175,      4,      2,      3,      0.0
ELEM,    176,      2,      0,      3,      0.0
ELEM,    177,     40,     38,      3,      0.0
ELEM,    178,     38,    187,      3,      0.0
ELEM,    179,    187,     14,      3,      0.0
ELEM,    180,     14,     22,      3,      0.0
ELEM,    181,     22,     16,      3,      0.0
ELEM,    182,     16,     20,      3,      0.0
ELEM,    183,     20,     18,      3,      0.0
ELEM,    184,     56,     44,      3,      0.0
ELEM,    185,     44,     78,      3,      0.0
ELEM,    186,     78,     36,      3,      0.0
ELEM,    187,     34,     32,      3,      0.0
ELEM,    188,     32,     48,      3,      0.0
ELEM,    189,     48,     24,      3,      0.0
ELEM,    190,     24,     26,      3,      0.0
ELEM,    191,     26,     28,      3,      0.0
ELEM,    192,    181,    185,      3,      0.0
ELEM,    193,    185,    182,      3,      0.0
ELEM,    194,    182,    188,      3,      0.0
ELEM,    195,    188,    189,      3,      0.0
ELEM,    196,    189,    186,      3,      0.0
ELEM,    197,    186,    184,      3,      0.0
ELEM,    198,    184,    190,      3,      0.0
ELEM,    199,    190,    183,      3,      0.0
ELEM,    200,     36,     34,      3,      0.0
ELEM,    201,     58,     64,      3,      0.0
ELEM,    202,     64,     56,      3,      0.0
ELEM,    203,     40,     76,      3,      0.0
ELEM,    204,     22,     50,      3,      0.0
ELEM,    205,     50,     48,      3,      0.0
ELEM,    206,     18,     52,      3,      0.0
ELEM,    207,     52,     28,      3,      0.0
ELEM,    208,     58,     64,      3,      0.0
ELEM,    209,     64,     56,      3,      0.0
ELEM,    210,     76,     78,      3,      0.0
ELEM,    211,      1,     31,      4,      0.0
ELEM,    212,     75,     19,      4,      0.0
ELEM,    213,      5,     69,      4,      0.0
ELEM,    214,     69,     67,      4,      0.0
ELEM,    215,     67,    191,      4,      0.0
ELEM,    216,    191,    192,      4,      0.0
ELEM,    217,    192,     17,      4,      0.0
ELEM,    218,     31,     73,      4,      0.0
ELEM,    219,     73,     71,      4,      0.0
ELEM,    220,     71,     75,      4,      0.0
ELEM,    221,      3,    193,      4,      0.0
ELEM,    222,    193,    194,      4,      0.0
ELEM,    223,    194,    195,      4,      0.0
ELEM,    224,    195,    196,      4,      0.0
ELEM,    225,    196,     21,      4,      0.0
ELEM,    226,      7,    197,      4,      0.0
ELEM,    227,    197,    198,      4,      0.0
ELEM,    228,    198,    199,      4,      0.0
ELEM,    229,    199,    200,      4,      0.0
ELEM,    230,    200,     23,      4,      0.0
ELEM,    231,      9,    201,      4,      0.0
ELEM,    232,    201,    202,      4,      0.0
ELEM,    233,    202,    203,      4,      0.0
ELEM,    234,    203,    204,      4,      0.0
ELEM,    235,    204,     15,      4,      0.0
ELEM,    236,     11,    205,      4,      0.0
ELEM,    237,    205,    206,      4,      0.0
ELEM,    238,    206,    207,      4,      0.0
ELEM,    239,    207,    208,      4,      0.0
ELEM,    240,    208,     89,      4,      0.0
ELEM,    241,     13,    209,      4,      0.0
ELEM,    242,    209,    210,      4,      0.0
ELEM,    243,    210,    211,      4,      0.0
ELEM,    244,    211,    212,      4,      0.0
ELEM,    245,    212,     39,      4,      0.0
ELEM,    246,     43,    213,      4,      0.0
ELEM,    247,    213,    214,      4,      0.0
ELEM,    248,    214,    215,      4,      0.0
ELEM,    249,    215,    216,      4,      0.0
ELEM,    250,    216,     41,      4,      0.0
ELEM,    251,     63,     55,      5,      0.0
ELEM,    252,     61,     59,      5,      0.0
ELEM,    253,     65,     57,      5,      0.0
ELEM,    254,    115,     65,      5,      0.0
ELEM,    255,     59,    115,      5,      0.0
ELEM,    256,     63,     55,      5,      0.0
ELEM,    257,     61,     59,      5,      0.0
ELEM,    258,     65,     57,      5,      0.0
ELEM,    259,    115,     65,      5,      0.0
ELEM,    260,     59,    115,      5,      0.0
ELEM,    261,     55,    217,      5,      0.0
ELEM,    262,    217,    218,      5,      0.0
ELEM,    263,    218,     61,      5,      0.0
ELEM,    264,     55,    217,      5,      0.0
ELEM,    265,    217,    218,      5,      0.0
ELEM,    266,    218,     61,      5,      0.0
ELEM,    267,     47,    219,      5,      0.0
ELEM,    268,    219,    220,      5,      0.0
ELEM,    269,    220,    221,      5,      0.0
ELEM,    270,    221,    222,      5,      0.0
ELEM,    271,    222,     93,      5,      0.0
ELEM,    272,    223,     45,      5,      0.0
ELEM,    273,     93,    223,      5,      0.0
ELEM,    274,      3,      1,      4,      0.0
ELEM,    275,      5,      3,      4,      0.0
ELEM,    276,      7,      5,      4,      0.0
ELEM,    277,      9,      7,      4,      0.0
ELEM,    278,     89,     15,      4,      0.0
ELEM,    279,     11,      9,      4,      0.0
ELEM,    280,     39,     89,      4,      0.0
ELEM,    281,     13,     11,      4,      0.0
ELEM,    282,     41,     39,      4,      0.0
ELEM,    283,     43,     13,      4,      0.0
ELEM,    284,     25,     27,      4,      0.0
ELEM,    285,     27,     29,      4,      0.0
ELEM,    286,     15,     23,      4,      0.0
ELEM,    287,     23,     17,      4,      0.0
ELEM,    288,     17,     21,      4,      0.0
ELEM,    289,     21,     19,      4,      0.0
ELEM,    290,     35,     33,      4,      0.0
ELEM,    291,     37,     35,      4,      0.0
ELEM,    292,     79,     37,      4,      0.0
ELEM,    293,     49,     25,      4,      0.0
ELEM,    294,     33,     49,      4,      0.0
ELEM,    295,     45,     79,      4,      0.0
ELEM,    296,     47,     43,      4,      0.0
ELEM,    297,     93,     41,      4,      0.0
ELEM,    298,     57,     45,      4,      0.0
ELEM,    299,     63,     47,      4,      0.0
ELEM,    300,     59,     93,      4,      0.0
ELEM,    301,    222,    216,      4,      0.0
ELEM,    302,     61,    222,      4,      0.0
ELEM,    303,    219,    213,      4,      0.0
ELEM,    304,     55,    219,      4,      0.0
ELEM,    305,    224,     61,      4,      0.0
ELEM,    306,    225,     59,      4,      0.0
ELEM,    307,    226,     57,      4,      0.0
ELEM,    308,    227,     55,      4,      0.0
ELEM,    309,    228,    224,      6,      0.0
ELEM,    310,    229,    227,      6,      0.0
ELEM,    311,    230,    225,      6,      0.0
ELEM,    312,    161,    226,      6,      0.0
ELEM,    313,     39,    102,      4,      0.0
ELEM,    314,    102,     37,      4,      0.0
ELEM,    315,     23,     51,      4,      0.0
ELEM,    316,     51,     49,      4,      0.0
ELEM,    317,    231,     25,      4,      0.0
ELEM,    318,     17,    231,      4,      0.0
ELEM,    319,     21,    232,      4,      0.0
ELEM,    320,    232,     27,      4,      0.0
ELEM,    321,     19,     53,      4,      0.0
ELEM,    322,     53,     29,      4,      0.0
ELEM,    323,     77,     79,      4,      0.0
ELEM,    324,    233,     77,      4,      0.0
ELEM,    325,     41,    233,      4,      0.0
ELEM,    326,     80,    101,      4,      0.0
ELEM,    327,    104,     88,      4,      0.0
ELEM,    328,    101,    234,      4,      0.0
ELEM,    329,    234,    121,      4,      0.0
ELEM,    330,    121,    104,      4,      0.0
ELEM,    331,     81,    235,      4,      0.0
ELEM,    332,    235,    236,      4,      0.0
ELEM,    333,    236,    237,      4,      0.0
ELEM,    334,    237,    238,      4,      0.0
ELEM,    335,    238,     96,      4,      0.0
ELEM,    336,     82,    239,      4,      0.0
ELEM,    337,    239,    240,      4,      0.0
ELEM,    338,    240,    241,      4,      0.0
ELEM,    339,    241,    242,      4,      0.0
ELEM,    340,    242,     95,      4,      0.0
ELEM,    341,     83,    243,      4,      0.0
ELEM,    342,    243,    244,      4,      0.0
ELEM,    343,    244,    245,      4,      0.0
ELEM,    344,    245,    246,      4,      0.0
ELEM,    345,    246,     97,      4,      0.0
ELEM,    346,     84,    247,      4,      0.0
ELEM,    347,    247,    248,      4,      0.0
ELEM,    348,    248,    249,      4,      0.0
ELEM,    349,    249,    250,      4,      0.0
ELEM,    350,    250,     87,      4,      0.0
ELEM,    351,     85,    251,      4,      0.0
ELEM,    352,    251,    252,      4,      0.0
ELEM,    353,    252,    253,      4,      0.0
ELEM,    354,    253,    254,      4,      0.0
ELEM,    355,    254,     90,      4,      0.0
ELEM,    356,     86,    255,      4,      0.0
ELEM,    357,    255,    256,      4,      0.0
ELEM,    358,    256,    257,      4,      0.0
ELEM,    359,    257,    258,      4,      0.0
ELEM,    360,    258,     91,      4,      0.0
ELEM,    361,    109,    259,      4,      0.0
ELEM,    362,    259,    260,      4,      0.0
ELEM,    363,    260,    261,      4,      0.0
ELEM,    364,    261,    262,      4,      0.0
ELEM,    365,    262,     92,      4,      0.0
ELEM,    366,    116,    119,      5,      0.0
ELEM,    367,    120,    118,      5,      0.0
ELEM,    368,    118,    116,      5,      0.0
ELEM,    369,    117,    114,      5,      0.0
ELEM,    370,    263,    110,      5,      0.0
ELEM,    371,     94,    263,      5,      0.0
ELEM,    372,    111,    264,      5,      0.0
ELEM,    373,    264,    265,      5,      0.0
ELEM,    374,    265,    266,      5,      0.0
ELEM,    375,    266,    267,      5,      0.0
ELEM,    376,    267,     94,      5,      0.0
ELEM,    377,    114,    268,      5,      0.0
ELEM,    378,    268,    269,      5,      0.0
ELEM,    379,    269,    120,      5,      0.0
ELEM,    380,    269,    120,      5,      0.0
ELEM,    381,    268,    269,      5,      0.0
ELEM,    382,    114,    268,      5,      0.0
ELEM,    383,    120,    118,      5,      0.0
ELEM,    384,    116,    119,      5,      0.0
ELEM,    385,    117,    114,      5,      0.0
ELEM,    386,    118,    116,      5,      0.0
ELEM,    387,     81,     80,      4,      0.0
ELEM,    388,     82,     81,      4,      0.0
ELEM,    389,     83,     82,      4,      0.0
ELEM,    390,     84,     83,      4,      0.0
ELEM,    391,     90,     87,      4,      0.0
ELEM,    392,     85,     84,      4,      0.0
ELEM,    393,     91,     90,      4,      0.0
ELEM,    394,     86,     85,      4,      0.0
ELEM,    395,     92,     91,      4,      0.0
ELEM,    396,    109,     86,      4,      0.0
ELEM,    397,     98,    100,      4,      0.0
ELEM,    398,     99,     98,      4,      0.0
ELEM,    399,     96,     88,      4,      0.0
ELEM,    400,     87,     97,      4,      0.0
ELEM,    401,     97,     95,      4,      0.0
ELEM,    402,     95,     96,      4,      0.0
ELEM,    403,    106,    105,      4,      0.0
ELEM,    404,    107,    106,      4,      0.0
ELEM,    405,    108,    107,      4,      0.0
ELEM,    406,    112,     99,      4,      0.0
ELEM,    407,    105,    112,      4,      0.0
ELEM,    408,    110,    108,      4,      0.0
ELEM,    409,    111,    109,      4,      0.0
ELEM,    410,     94,     92,      4,      0.0
ELEM,    411,    119,    110,      4,      0.0
ELEM,    412,    117,    111,      4,      0.0
ELEM,    413,    118,     94,      4,      0.0
ELEM,    414,    267,    262,      4,      0.0
ELEM,    415,    120,    267,      4,      0.0
ELEM,    416,    264,    259,      4,      0.0
ELEM,    417,    114,    264,      4,      0.0
ELEM,    418,    270,    118,      4,      0.0
ELEM,    419,    271,    119,      4,      0.0
ELEM,    420,    272,    120,      4,      0.0
ELEM,    421,    273,    114,      4,      0.0
ELEM,    422,    274,    270,      6,      0.0
ELEM,    423,    162,    271,      6,      0.0
ELEM,    424,    275,    272,      6,      0.0
ELEM,    425,    276,    273,      6,      0.0
ELEM,    426,     92,    147,      4,      0.0
ELEM,    427,    147,    108,      4,      0.0
ELEM,    428,     91,    103,      4,      0.0
ELEM,    429,    103,    107,      4,      0.0
ELEM,    430,    277,     98,      4,      0.0
ELEM,    431,     96,    277,      4,      0.0
ELEM,    432,    113,    100,      4,      0.0
ELEM,    433,     88,    113,      4,      0.0
ELEM,    434,    278,    112,      4,      0.0
ELEM,    435,     97,    278,      4,      0.0
ELEM,    436,    279,     99,      4,      0.0
ELEM,    437,     95,    279,      4,      0.0
ELEM,    438,    143,    144,      4,      0.0
ELEM,    439,    135,    143,      4,      0.0
ELEM,    440,    144,    128,      4,      0.0
ELEM,    441,    152,    149,      4,      0.0
ELEM,    442,    151,    153,      4,      0.0
ELEM,    443,    149,    177,      4,      0.0
ELEM,    444,    177,    175,      4,      0.0
ELEM,    445,    175,    151,      4,      0.0
ELEM,    446,    141,    139,      7,      0.0
ELEM,    447,    122,    135,      7,      0.0
ELEM,    448,    123,    122,      7,      0.0
ELEM,    449,    124,    123,      7,      0.0
ELEM,    450,    125,    124,      7,      0.0
ELEM,    451,    137,    136,      7,      0.0
ELEM,    452,    130,    129,      7,      0.0
ELEM,    453,    126,    125,      7,      0.0
ELEM,    454,    138,    137,      7,      0.0
ELEM,    455,    131,    130,      7,      0.0
ELEM,    456,    127,    126,      7,      0.0
ELEM,    457,    160,    138,      7,      0.0
ELEM,    458,    159,    131,      7,      0.0
ELEM,    459,    158,    127,      7,      0.0
ELEM,    460,    156,    159,      7,      0.0
ELEM,    461,    133,    128,      7,      0.0
ELEM,    462,    134,    133,      7,      0.0
ELEM,    463,    132,    134,      7,      0.0
ELEM,    464,    129,    132,      7,      0.0
ELEM,    465,    136,    140,      7,      0.0
ELEM,    466,    140,    142,      7,      0.0
ELEM,    467,    142,    141,      7,      0.0
ELEM,    468,    153,    156,      7,      0.0
ELEM,    469,    134,    142,      8,      0.0
ELEM,    470,    133,    141,      8,      0.0
ELEM,    471,    132,    140,      8,      0.0
ELEM,    472,    129,    136,      8,      0.0
ELEM,    473,    130,    137,      8,      0.0
ELEM,    474,    156,    157,      8,      0.0
ELEM,    475,    145,    139,      8,      0.0
ELEM,    476,    128,    145,      8,      0.0
ELEM,    477,    146,    138,      8,      0.0
ELEM,    478,    131,    146,      8,      0.0
ELEM,    479,    148,    160,      8,      0.0
ELEM,    480,    159,    148,      8,      0.0
ELEM,    481,    150,    154,      8,      0.0
ELEM,    482,    153,    150,      8,      0.0
ELEM,    483,    157,    160,      4,      0.0
ELEM,    484,    155,    158,      4,      0.0
ELEM,    485,    173,    172,      4,      0.0
ELEM,    486,    154,    157,      4,      0.0
ELEM,    487,    152,    155,      4,      0.0
ELEM,    488,    164,    173,      4,      0.0
ELEM,    489,    280,    152,      4,      0.0
ELEM,    490,    281,    164,      4,      0.0
ELEM,    491,    163,    154,      4,      0.0
ELEM,    492,    282,    116,      9,      0.0
ELEM,    493,    274,    282,      9,      0.0
ELEM,    494,    282,    162,      9,      0.0
ELEM,    495,    266,    261,      9,      0.0
ELEM,    496,    269,    266,      9,      0.0
ELEM,    497,    265,    260,      9,      0.0
ELEM,    498,    268,    265,      9,      0.0
ELEM,    499,    116,    263,      9,      0.0
ELEM,    500,    263,    147,      9,      0.0
ELEM,    501,    283,    115,      9,      0.0
ELEM,    502,    230,    283,      9,      0.0
ELEM,    503,    283,    161,      9,      0.0
ELEM,    504,    221,    215,      9,      0.0
ELEM,    505,    218,    221,      9,      0.0
ELEM,    506,    220,    214,      9,      0.0
ELEM,    507,    217,    220,      9,      0.0
ELEM,    508,    115,    223,      9,      0.0
ELEM,    509,    223,    233,      9,      0.0
ELEM,    510,    284,    174,      9,      0.0
ELEM,    511,    285,    176,      9,      0.0
ELEM,    512,    286,    178,      9,      0.0
ELEM,    513,    287,    179,      9,      0.0
ELEM,    514,    174,    288,      9,      0.0
ELEM,    515,    176,    289,      9,      0.0
ELEM,    516,    178,    290,      9,      0.0
ELEM,    517,    179,    291,      9,      0.0
ELEM,    518,    292,    180,      9,      0.0
ELEM,    519,    180,    293,      9,      0.0
ELEM,    520,    294,    269,      9,      0.0
ELEM,    521,    295,    268,      9,      0.0
ELEM,    522,    276,    295,      9,      0.0
ELEM,    523,    295,    294,      9,      0.0
ELEM,    524,    294,    275,      9,      0.0
ELEM,    525,    296,    218,      9,      0.0
ELEM,    526,    297,    217,      9,      0.0
ELEM,    527,    229,    297,      9,      0.0
ELEM,    528,    297,    296,      9,      0.0
ELEM,    529,    296,    228,      9,      0.0
ELEM,    530,    228,    230,      9,      0.0
ELEM,    531,    135,    165,     10,      0.0
ELEM,    532,    122,    166,     10,      0.0
ELEM,    533,    123,    167,     10,      0.0
ELEM,    534,    124,    168,     10,      0.0
ELEM,    535,    125,    169,     10,      0.0
ELEM,    536,    126,    170,     10,      0.0
ELEM,    537,    127,    171,     10,      0.0
ELEM,    538,    139,    165,     10,      0.0
ELEM,    539,    141,    166,     10,      0.0
ELEM,    540,    142,    167,     10,      0.0
ELEM,    541,    140,    168,     10,      0.0
ELEM,    542,    136,    169,     10,      0.0
ELEM,    543,    137,    170,     10,      0.0
ELEM,    544,    138,    171,     10,      0.0
ELEM,    545,    155,    291,     10,      0.0
ELEM,    546,    291,    290,     10,      0.0
ELEM,    547,    290,    289,     10,      0.0
ELEM,    548,    289,    288,     10,      0.0
ELEM,    549,    288,    173,     10,      0.0
ELEM,    550,    152,    179,     10,      0.0
ELEM,    551,    179,    178,     10,      0.0
ELEM,    552,    178,    176,     10,      0.0
ELEM,    553,    176,    174,     10,      0.0
ELEM,    554,    174,    164,     10,      0.0
ELEM,    555,    298,    172,     10,      0.0
ELEM,    556,    158,    299,     10,      0.0
ELEM,    557,    299,    300,     10,      0.0
ELEM,    558,    300,    301,     10,      0.0
ELEM,    559,    301,    298,     10,      0.0
ELEM,    560,    154,    180,     10,      0.0
ELEM,    561,    180,    164,     10,      0.0
ELEM,    562,    160,    302,     10,      0.0
ELEM,    563,    302,    172,     10,      0.0
ELEM,    564,    157,    293,     10,      0.0
ELEM,    565,    293,    173,     10,      0.0
ELEM,    566,    166,    165,     11,      0.0
ELEM,    567,    167,    166,     11,      0.0
ELEM,    568,    168,    167,     11,      0.0
ELEM,    569,    169,    168,     11,      0.0
ELEM,    570,    172,    171,     11,      0.0
ELEM,    571,    170,    169,     11,      0.0
ELEM,    572,    171,    170,     11,      0.0
ELEM,    573,    153,    163,     12,      0.0
ELEM,    574,    239,    235,     12,      0.0
ELEM,    575,    235,    101,     12,      0.0
ELEM,    576,    240,    236,     12,      0.0
ELEM,    577,    236,    234,     12,      0.0
ELEM,    578,    241,    237,     12,      0.0
ELEM,    579,    237,    121,     12,      0.0
ELEM,    580,    242,    238,     12,      0.0
ELEM,    581,    238,    104,     12,      0.0
ELEM,    582,    246,    242,     12,      0.0
ELEM,    583,    250,    246,     12,      0.0
ELEM,    584,    254,    250,     12,      0.0
ELEM,    585,    258,    254,     12,      0.0
ELEM,    586,    262,    258,     12,      0.0
ELEM,    587,    245,    241,     12,      0.0
ELEM,    588,    249,    245,     12,      0.0
ELEM,    589,    253,    249,     12,      0.0
ELEM,    590,    257,    253,     12,      0.0
ELEM,    591,    261,    257,     12,      0.0
ELEM,    592,    244,    240,     12,      0.0
ELEM,    593,    248,    244,     12,      0.0
ELEM,    594,    252,    248,     12,      0.0
ELEM,    595,    256,    252,     12,      0.0
ELEM,    596,    260,    256,     12,      0.0
ELEM,    597,    243,    239,     12,      0.0
ELEM,    598,    247,    243,     12,      0.0
ELEM,    599,    251,    247,     12,      0.0
ELEM,    600,    255,    251,     12,      0.0
ELEM,    601,    259,    255,     12,      0.0
ELEM,    602,    147,    103,     12,      0.0
ELEM,    603,    278,    279,     12,      0.0
ELEM,    604,    279,    277,     12,      0.0
ELEM,    605,    277,    113,     12,      0.0
ELEM,    606,     69,    193,     12,      0.0
ELEM,    607,    193,     31,     12,      0.0
ELEM,    608,     67,    194,     12,      0.0
ELEM,    609,    194,     73,     12,      0.0
ELEM,    610,    191,    195,     12,      0.0
ELEM,    611,    195,     71,     12,      0.0
ELEM,    612,    192,    196,     12,      0.0
ELEM,    613,    196,     75,     12,      0.0
ELEM,    614,    200,    192,     12,      0.0
ELEM,    615,    204,    200,     12,      0.0
ELEM,    616,    208,    204,     12,      0.0
ELEM,    617,    212,    208,     12,      0.0
ELEM,    618,    216,    212,     12,      0.0
ELEM,    619,    199,    191,     12,      0.0
ELEM,    620,    203,    199,     12,      0.0
ELEM,    621,    207,    203,     12,      0.0
ELEM,    622,    211,    207,     12,      0.0
ELEM,    623,    215,    211,     12,      0.0
ELEM,    624,    198,     67,     12,      0.0
ELEM,    625,    202,    198,     12,      0.0
ELEM,    626,    206,    202,     12,      0.0
ELEM,    627,    210,    206,     12,      0.0
ELEM,    628,    214,    210,     12,      0.0
ELEM,    629,    197,     69,     12,      0.0
ELEM,    630,    201,    197,     12,      0.0
ELEM,    631,    205,    201,     12,      0.0
ELEM,    632,    209,    205,     12,      0.0
ELEM,    633,    213,    209,     12,      0.0
ELEM,    634,    233,    102,     12,      0.0
ELEM,    635,     51,    231,     12,      0.0
ELEM,    636,    231,    232,     12,      0.0
ELEM,    637,    232,     53,     12,      0.0
ELEM,    638,    284,    281,     12,      0.0
ELEM,    639,    285,    284,     12,      0.0
ELEM,    640,    286,    285,     12,      0.0
ELEM,    641,    287,    286,     12,      0.0
ELEM,    642,    280,    287,     12,      0.0
ELEM,    643,    288,    298,     12,      0.0
ELEM,    644,    289,    301,     12,      0.0
ELEM,    645,    290,    300,     12,      0.0
ELEM,    646,    291,    299,     12,      0.0
ELEM,    647,    163,    292,     12,      0.0
ELEM,    648,    292,    281,     12,      0.0
ELEM,    649,    293,    302,     12,      0.0
ELEM,    650,    275,    274,     12,      0.0
ELEM,    651,    127,    131,     13,      0.0
ELEM,    652,    124,    132,     13,      0.0
ELEM,    653,    274,    116,     14,      0.0
ELEM,    654,    282,    118,     14,      0.0
ELEM,    655,    282,    119,     14,      0.0
ELEM,    656,    162,    116,     14,      0.0
ELEM,    657,     81,    101,     14,      0.0
ELEM,    658,     96,    104,     14,      0.0
ELEM,    659,    111,    114,     14,      0.0
ELEM,    660,    120,     94,     14,      0.0
ELEM,    661,    238,     88,     14,      0.0
ELEM,    662,    238,    121,     14,      0.0
ELEM,    663,    237,    104,     14,      0.0
ELEM,    664,    237,    234,     14,      0.0
ELEM,    665,    236,    121,     14,      0.0
ELEM,    666,    236,    101,     14,      0.0
ELEM,    667,    235,    234,     14,      0.0
ELEM,    668,    235,     80,     14,      0.0
ELEM,    669,     82,    235,     14,      0.0
ELEM,    670,     95,    238,     14,      0.0
ELEM,    671,    242,     96,     14,      0.0
ELEM,    672,    242,    237,     14,      0.0
ELEM,    673,    241,    238,     14,      0.0
ELEM,    674,    241,    236,     14,      0.0
ELEM,    675,    240,    237,     14,      0.0
ELEM,    676,    240,    235,     14,      0.0
ELEM,    677,    239,    236,     14,      0.0
ELEM,    678,    239,     81,     14,      0.0
ELEM,    679,     83,    239,     14,      0.0
ELEM,    680,     97,    242,     14,      0.0
ELEM,    681,    246,     95,     14,      0.0
ELEM,    682,    246,    241,     14,      0.0
ELEM,    683,    245,    242,     14,      0.0
ELEM,    684,    245,    240,     14,      0.0
ELEM,    685,    244,    241,     14,      0.0
ELEM,    686,    244,    239,     14,      0.0
ELEM,    687,    243,    240,     14,      0.0
ELEM,    688,    243,     82,     14,      0.0
ELEM,    689,     84,    243,     14,      0.0
ELEM,    690,     87,    246,     14,      0.0
ELEM,    691,    250,     97,     14,      0.0
ELEM,    692,    250,    245,     14,      0.0
ELEM,    693,    249,    246,     14,      0.0
ELEM,    694,    249,    244,     14,      0.0
ELEM,    695,    248,    245,     14,      0.0
ELEM,    696,    248,    243,     14,      0.0
ELEM,    697,    247,    244,     14,      0.0
ELEM,    698,    247,     83,     14,      0.0
ELEM,    699,     85,    247,     14,      0.0
ELEM,    700,     90,    250,     14,      0.0
ELEM,    701,    254,     87,     14,      0.0
ELEM,    702,    254,    249,     14,      0.0
ELEM,    703,    253,    250,     14,      0.0
ELEM,    704,    253,    248,     14,      0.0
ELEM,    705,    252,    249,     14,      0.0
ELEM,    706,    252,    247,     14,      0.0
ELEM,    707,    251,    248,     14,      0.0
ELEM,    708,    251,     84,     14,      0.0
ELEM,    709,     86,    251,     14,      0.0
ELEM,    710,     91,    254,     14,      0.0
ELEM,    711,    258,     90,     14,      0.0
ELEM,    712,    258,    253,     14,      0.0
ELEM,    713,    257,    254,     14,      0.0
ELEM,    714,    257,    252,     14,      0.0
ELEM,    715,    256,    253,     14,      0.0
ELEM,    716,    256,    251,     14,      0.0
ELEM,    717,    255,    252,     14,      0.0
ELEM,    718,    255,     85,     14,      0.0
ELEM,    719,    109,    255,     14,      0.0
ELEM,    720,     92,    258,     14,      0.0
ELEM,    721,    262,     91,     14,      0.0
ELEM,    722,    262,    257,     14,      0.0
ELEM,    723,    261,    258,     14,      0.0
ELEM,    724,    261,    256,     14,      0.0
ELEM,    725,    260,    257,     14,      0.0
ELEM,    726,    260,    255,     14,      0.0
ELEM,    727,    259,    256,     14,      0.0
ELEM,    728,    259,     86,     14,      0.0
ELEM,    729,    111,    259,     14,      0.0
ELEM,    730,     94,    262,     14,      0.0
ELEM,    731,    267,     92,     14,      0.0
ELEM,    732,    267,    261,     14,      0.0
ELEM,    733,    266,    262,     14,      0.0
ELEM,    734,    266,    260,     14,      0.0
ELEM,    735,    265,    261,     14,      0.0
ELEM,    736,    265,    259,     14,      0.0
ELEM,    737,    264,    260,     14,      0.0
ELEM,    738,    264,    109,     14,      0.0
ELEM,    739,    277,     88,     14,      0.0
ELEM,    740,     96,    113,     14,      0.0
ELEM,    741,     98,    113,     14,      0.0
ELEM,    742,    277,    100,     14,      0.0
ELEM,    743,    279,     96,     14,      0.0
ELEM,    744,     95,    277,     14,      0.0
ELEM,    745,     99,    277,     14,      0.0
ELEM,    746,    279,     98,     14,      0.0
ELEM,    747,    278,     95,     14,      0.0
ELEM,    748,     97,    279,     14,      0.0
ELEM,    749,    112,    279,     14,      0.0
ELEM,    750,    278,     99,     14,      0.0
ELEM,    751,    147,     91,     14,      0.0
ELEM,    752,     92,    103,     14,      0.0
ELEM,    753,    108,    103,     14,      0.0
ELEM,    754,    147,    107,     14,      0.0
ELEM,    755,    263,     92,     14,      0.0
ELEM,    756,     94,    147,     14,      0.0
ELEM,    757,    110,    147,     14,      0.0
ELEM,    758,    263,    108,     14,      0.0
ELEM,    759,    230,    115,     14,      0.0
ELEM,    760,    283,     59,     14,      0.0
ELEM,    761,    283,     57,     14,      0.0
ELEM,    762,    161,    115,     14,      0.0
ELEM,    763,      3,     31,     14,      0.0
ELEM,    764,     21,     75,     14,      0.0
ELEM,    765,     47,     55,     14,      0.0
ELEM,    766,     61,     93,     14,      0.0
ELEM,    767,    196,     19,     14,      0.0
ELEM,    768,    196,     71,     14,      0.0
ELEM,    769,    195,     75,     14,      0.0
ELEM,    770,    195,     73,     14,      0.0
ELEM,    771,    194,     71,     14,      0.0
ELEM,    772,    194,     31,     14,      0.0
ELEM,    773,    193,     73,     14,      0.0
ELEM,    774,    193,      1,     14,      0.0
ELEM,    775,      5,    193,     14,      0.0
ELEM,    776,     17,    196,     14,      0.0
ELEM,    777,    192,     21,     14,      0.0
ELEM,    778,    192,    195,     14,      0.0
ELEM,    779,    191,    196,     14,      0.0
ELEM,    780,    191,    194,     14,      0.0
ELEM,    781,     67,    195,     14,      0.0
ELEM,    782,     67,    193,     14,      0.0
ELEM,    783,     69,    194,     14,      0.0
ELEM,    784,     69,      3,     14,      0.0
ELEM,    785,      7,     69,     14,      0.0
ELEM,    786,     23,    192,     14,      0.0
ELEM,    787,    200,     17,     14,      0.0
ELEM,    788,    200,    191,     14,      0.0
ELEM,    789,    199,    192,     14,      0.0
ELEM,    790,    199,     67,     14,      0.0
ELEM,    791,    198,    191,     14,      0.0
ELEM,    792,    198,     69,     14,      0.0
ELEM,    793,    197,     67,     14,      0.0
ELEM,    794,    197,      5,     14,      0.0
ELEM,    795,      9,    197,     14,      0.0
ELEM,    796,     15,    200,     14,      0.0
ELEM,    797,    204,     23,     14,      0.0
ELEM,    798,    204,    199,     14,      0.0
ELEM,    799,    203,    200,     14,      0.0
ELEM,    800,    203,    198,     14,      0.0
ELEM,    801,    202,    199,     14,      0.0
ELEM,    802,    202,    197,     14,      0.0
ELEM,    803,    201,    198,     14,      0.0
ELEM,    804,    201,      7,     14,      0.0
ELEM,    805,     11,    201,     14,      0.0
ELEM,    806,     89,    204,     14,      0.0
ELEM,    807,    208,     15,     14,      0.0
ELEM,    808,    208,    203,     14,      0.0
ELEM,    809,    207,    204,     14,      0.0
ELEM,    810,    207,    202,     14,      0.0
ELEM,    811,    206,    203,     14,      0.0
ELEM,    812,    206,    201,     14,      0.0
ELEM,    813,    205,    202,     14,      0.0
ELEM,    814,    205,      9,     14,      0.0
ELEM,    815,     13,    205,     14,      0.0
ELEM,    816,     39,    208,     14,      0.0
ELEM,    817,    212,     89,     14,      0.0
ELEM,    818,    212,    207,     14,      0.0
ELEM,    819,    211,    208,     14,      0.0
ELEM,    820,    211,    206,     14,      0.0
ELEM,    821,    210,    207,     14,      0.0
ELEM,    822,    210,    205,     14,      0.0
ELEM,    823,    209,    206,     14,      0.0
ELEM,    824,    209,     11,     14,      0.0
ELEM,    825,     43,    209,     14,      0.0
ELEM,    826,     41,    212,     14,      0.0
ELEM,    827,    216,     39,     14,      0.0
ELEM,    828,    216,    211,     14,      0.0
ELEM,    829,    215,    212,     14,      0.0
ELEM,    830,    215,    210,     14,      0.0
ELEM,    831,    214,    211,     14,      0.0
ELEM,    832,    214,    209,     14,      0.0
ELEM,    833,    213,    210,     14,      0.0
ELEM,    834,    213,     13,     14,      0.0
ELEM,    835,     47,    213,     14,      0.0
ELEM,    836,     93,    216,     14,      0.0
ELEM,    837,    222,     41,     14,      0.0
ELEM,    838,    222,    215,     14,      0.0
ELEM,    839,    221,    216,     14,      0.0
ELEM,    840,    221,    214,     14,      0.0
ELEM,    841,    220,    215,     14,      0.0
ELEM,    842,    220,    213,     14,      0.0
ELEM,    843,    219,    214,     14,      0.0
ELEM,    844,    219,     43,     14,      0.0
ELEM,    845,    232,     19,     14,      0.0
ELEM,    846,     21,     53,     14,      0.0
ELEM,    847,     27,     53,     14,      0.0
ELEM,    848,    232,     29,     14,      0.0
ELEM,    849,    231,     21,     14,      0.0
ELEM,    850,     17,    232,     14,      0.0
ELEM,    851,     25,    232,     14,      0.0
ELEM,    852,    231,     27,     14,      0.0
ELEM,    853,     51,     17,     14,      0.0
ELEM,    854,     23,    231,     14,      0.0
ELEM,    855,     49,    231,     14,      0.0
ELEM,    856,     51,     25,     14,      0.0
ELEM,    857,    233,     39,     14,      0.0
ELEM,    858,     41,    102,     14,      0.0
ELEM,    859,     79,    102,     14,      0.0
ELEM,    860,    233,     37,     14,      0.0
ELEM,    861,    223,     41,     14,      0.0
ELEM,    862,     93,    233,     14,      0.0
ELEM,    863,     45,    233,     14,      0.0
ELEM,    864,    223,     79,     14,      0.0
ELEM,    865,    274,    120,     14,      0.0
ELEM,    866,    275,    118,     14,      0.0
ELEM,    867,    275,    269,     14,      0.0
ELEM,    868,    294,    120,     14,      0.0
ELEM,    869,    294,    268,     14,      0.0
ELEM,    870,    295,    269,     14,      0.0
ELEM,    871,    114,    295,     14,      0.0
ELEM,    872,    276,    268,     14,      0.0
ELEM,    873,    230,     61,     14,      0.0
ELEM,    874,    228,     59,     14,      0.0
ELEM,    875,    228,    218,     14,      0.0
ELEM,    876,    296,     61,     14,      0.0
ELEM,    877,    296,    217,     14,      0.0
ELEM,    878,    297,    218,     14,      0.0
ELEM,    879,    229,    217,     14,      0.0
ELEM,    880,     55,    297,     14,      0.0
ELEM,    881,    117,    264,     15,      0.0
ELEM,    882,    264,    268,     15,      0.0
ELEM,    883,    114,    265,     15,      0.0
ELEM,    884,    265,    269,     15,      0.0
ELEM,    885,    268,    266,     15,      0.0
ELEM,    886,    266,    120,     15,      0.0
ELEM,    887,    269,    267,     15,      0.0
ELEM,    888,    267,    118,     15,      0.0
ELEM,    889,    116,    110,     15,      0.0
ELEM,    890,    263,    119,     15,      0.0
ELEM,    891,    118,    263,     15,      0.0
ELEM,    892,     94,    116,     15,      0.0
ELEM,    893,     63,    219,     15,      0.0
ELEM,    894,    219,    217,     15,      0.0
ELEM,    895,     55,    220,     15,      0.0
ELEM,    896,    220,    218,     15,      0.0
ELEM,    897,    217,    221,     15,      0.0
ELEM,    898,    221,     61,     15,      0.0
ELEM,    899,    218,    222,     15,      0.0
ELEM,    900,    222,     59,     15,      0.0
ELEM,    901,    115,     45,     15,      0.0
ELEM,    902,    223,     57,     15,      0.0
ELEM,    903,     59,    223,     15,      0.0
ELEM,    904,     93,    115,     15,      0.0
ELEM,    905,    134,    140,     16,      0.0
ELEM,    906,    132,    142,     16,      0.0
ELEM,    907,    128,    141,     16,      0.0
ELEM,    908,    133,    139,     16,      0.0
ELEM,    909,    129,    140,     16,      0.0
ELEM,    910,    132,    136,     16,      0.0
ELEM,    911,    130,    136,     16,      0.0
ELEM,    912,    129,    137,     16,      0.0
ELEM,    913,    131,    137,     16,      0.0
ELEM,    914,    130,    138,     16,      0.0
ELEM,    915,    159,    138,     16,      0.0
ELEM,    916,    131,    160,     16,      0.0
ELEM,    917,    156,    160,     16,      0.0
ELEM,    918,    159,    157,     16,      0.0
ELEM,    919,    133,    142,     16,      0.0
ELEM,    920,    134,    141,     16,      0.0
ELEM,    921,    156,    154,     16,      0.0
ELEM,    922,    153,    157,     16,      0.0
ELEM,    923,    127,    172,     17,      0.0
ELEM,    924,    158,    171,     17,      0.0
ELEM,    925,    126,    171,     17,      0.0
ELEM,    926,    127,    170,     17,      0.0
ELEM,    927,    125,    170,     17,      0.0
ELEM,    928,    126,    169,     17,      0.0
ELEM,    929,    124,    169,     17,      0.0
ELEM,    930,    125,    168,     17,      0.0
ELEM,    931,    123,    168,     17,      0.0
ELEM,    932,    124,    167,     17,      0.0
ELEM,    933,    122,    167,     17,      0.0
ELEM,    934,    123,    166,     17,      0.0
ELEM,    935,    135,    166,     17,      0.0
ELEM,    936,    122,    165,     17,      0.0
ELEM,    937,    160,    171,     18,      0.0
ELEM,    938,    138,    172,     18,      0.0
ELEM,    939,    138,    170,     18,      0.0
ELEM,    940,    137,    171,     18,      0.0
ELEM,    941,    137,    169,     18,      0.0
ELEM,    942,    136,    170,     18,      0.0
ELEM,    943,    136,    168,     18,      0.0
ELEM,    944,    140,    169,     18,      0.0
ELEM,    945,    140,    167,     18,      0.0
ELEM,    946,    142,    168,     18,      0.0
ELEM,    947,    142,    166,     18,      0.0
ELEM,    948,    141,    167,     18,      0.0
ELEM,    949,    141,    165,     18,      0.0
ELEM,    950,    139,    166,     18,      0.0
ELEM,    951,    174,    281,     18,      0.0
ELEM,    952,    284,    164,     18,      0.0
ELEM,    953,    176,    284,     18,      0.0
ELEM,    954,    285,    174,     18,      0.0
ELEM,    955,    178,    285,     18,      0.0
ELEM,    956,    286,    176,     18,      0.0
ELEM,    957,    179,    286,     18,      0.0
ELEM,    958,    287,    178,     18,      0.0
ELEM,    959,    152,    287,     18,      0.0
ELEM,    960,    280,    179,     18,      0.0
ELEM,    961,    288,    164,     18,      0.0
ELEM,    962,    174,    173,     18,      0.0
ELEM,    963,    289,    174,     18,      0.0
ELEM,    964,    176,    288,     18,      0.0
ELEM,    965,    290,    176,     18,      0.0
ELEM,    966,    178,    289,     18,      0.0
ELEM,    967,    291,    178,     18,      0.0
ELEM,    968,    179,    290,     18,      0.0
ELEM,    969,    155,    179,     18,      0.0
ELEM,    970,    152,    291,     18,      0.0
ELEM,    971,    158,    291,     18,      0.0
ELEM,    972,    155,    299,     18,      0.0
ELEM,    973,    291,    300,     18,      0.0
ELEM,    974,    299,    290,     18,      0.0
ELEM,    975,    290,    301,     18,      0.0
ELEM,    976,    300,    289,     18,      0.0
ELEM,    977,    289,    298,     18,      0.0
ELEM,    978,    301,    288,     18,      0.0
ELEM,    979,    288,    172,     18,      0.0
ELEM,    980,    298,    173,     18,      0.0
ELEM,    981,    180,    281,     18,      0.0
ELEM,    982,    292,    164,     18,      0.0
ELEM,    983,    154,    292,     18,      0.0
ELEM,    984,    163,    180,     18,      0.0
ELEM,    985,    293,    164,     18,      0.0
ELEM,    986,    180,    173,     18,      0.0
ELEM,    987,    157,    180,     18,      0.0
ELEM,    988,    154,    293,     18,      0.0
ELEM,    989,    293,    172,     18,      0.0
ELEM,    990,    302,    173,     18,      0.0
ELEM,    991,    157,    302,     18,      0.0
ELEM,    992,    160,    293,     18,      0.0
ELEM,    993,     30,      1,     19,      0.0
ELEM,    994,      0,     31,     19,      0.0
ELEM,    995,     22,     51,     19,      0.0
ELEM,    996,     50,     23,     19,      0.0
ELEM,    997,     28,     53,     19,      0.0
ELEM,    998,     52,     29,     19,      0.0
ELEM,    999,     52,     19,     19,      0.0
ELEM,   1000,     18,     53,     19,      0.0
ELEM,   1001,     62,     55,     19,      0.0
ELEM,   1002,     54,     63,     19,      0.0
ELEM,   1003,     60,     59,     19,      0.0
ELEM,   1004,     58,     61,     19,      0.0
ELEM,   1005,     62,     55,     19,      0.0
ELEM,   1006,     54,     63,     19,      0.0
ELEM,   1007,     60,     59,     19,      0.0
ELEM,   1008,     58,     61,     19,      0.0
ELEM,   1009,     68,     67,     19,      0.0
ELEM,   1010,     66,     69,     19,      0.0
ELEM,   1011,      4,     69,     19,      0.0
ELEM,   1012,     68,      5,     19,      0.0
ELEM,   1013,     30,     73,     19,      0.0
ELEM,   1014,     72,     31,     19,      0.0
ELEM,   1015,     70,     75,     19,      0.0
ELEM,   1016,     74,     71,     19,      0.0
ELEM,   1017,     72,     71,     19,      0.0
ELEM,   1018,     70,     73,     19,      0.0
ELEM,   1019,     56,     65,     20,      0.0
ELEM,   1020,     64,     57,     20,      0.0
ELEM,   1021,     56,     65,     20,      0.0
ELEM,   1022,     64,     57,     20,      0.0
ELEM,   1023,     76,     79,     20,      0.0
ELEM,   1024,     78,     77,     20,      0.0
ELEM,   1025,      2,      1,     21,      0.0
ELEM,   1026,      0,      3,     21,      0.0
ELEM,   1027,    187,     15,     21,      0.0
ELEM,   1028,     14,     89,     21,      0.0
ELEM,   1029,     36,     79,     21,      0.0
ELEM,   1030,     78,     37,     21,      0.0
ELEM,   1031,     38,     89,     21,      0.0
ELEM,   1032,    187,     39,     21,      0.0
ELEM,   1033,     78,     45,     21,      0.0
ELEM,   1034,     44,     79,     21,      0.0
ELEM,   1035,     40,     39,     21,      0.0
ELEM,   1036,     38,     41,     21,      0.0
ELEM,   1037,      4,      3,     21,      0.0
ELEM,   1038,      2,      5,     21,      0.0
ELEM,   1039,      6,      5,     21,      0.0
ELEM,   1040,      4,      7,     21,      0.0
ELEM,   1041,     46,     43,     21,      0.0
ELEM,   1042,     42,     47,     21,      0.0
ELEM,   1043,     24,     49,     21,      0.0
ELEM,   1044,     48,     25,     21,      0.0
ELEM,   1045,     26,     25,     21,      0.0
ELEM,   1046,     24,     27,     21,      0.0
ELEM,   1047,     28,     27,     21,      0.0
ELEM,   1048,     26,     29,     21,      0.0
ELEM,   1049,     34,     37,     21,      0.0
ELEM,   1050,     36,     35,     21,      0.0
ELEM,   1051,     42,     13,     21,      0.0
ELEM,   1052,     12,     43,     21,      0.0
ELEM,   1053,      6,      9,     21,      0.0
ELEM,   1054,      8,      7,     21,      0.0
ELEM,   1055,     12,     11,     21,      0.0
ELEM,   1056,     10,     13,     21,      0.0
ELEM,   1057,     16,     21,     21,      0.0
ELEM,   1058,     20,     17,     21,      0.0
ELEM,   1059,     22,     17,     21,      0.0
ELEM,   1060,     16,     23,     21,      0.0
ELEM,   1061,     31,     80,     22,      0.0
ELEM,   1062,     19,    104,     22,      0.0
ELEM,   1063,     75,     88,     22,      0.0
ELEM,   1064,    102,    107,     22,      0.0
ELEM,   1065,     37,    103,     22,      0.0
ELEM,   1066,     39,    103,     22,      0.0
ELEM,   1067,    102,     91,     22,      0.0
ELEM,   1068,     29,    113,     22,      0.0
ELEM,   1069,     53,    100,     22,      0.0
ELEM,   1070,     53,     88,     22,      0.0
ELEM,   1071,     19,    113,     22,      0.0
ELEM,   1072,     55,    117,     22,      0.0
ELEM,   1073,     57,    116,     22,      0.0
ELEM,   1074,    115,    119,     22,      0.0
ELEM,   1075,     63,    114,     22,      0.0
ELEM,   1076,     59,    120,     22,      0.0
ELEM,   1077,     61,    118,     22,      0.0
ELEM,   1078,      1,    101,     22,      0.0
ELEM,   1079,    115,    119,     22,      0.0
ELEM,   1080,     57,    116,     22,      0.0
ELEM,   1081,     55,    117,     22,      0.0
ELEM,   1082,     61,    118,     22,      0.0
ELEM,   1083,     59,    120,     22,      0.0
ELEM,   1084,     63,    114,     22,      0.0
ELEM,   1085,     75,    121,     22,      0.0
ELEM,   1086,     71,    104,     22,      0.0
ELEM,   1087,     79,    110,     23,      0.0
ELEM,   1088,     47,    109,     23,      0.0
ELEM,   1089,      1,     81,     23,      0.0
ELEM,   1090,      3,     80,     23,      0.0
ELEM,   1091,     15,     90,     23,      0.0
ELEM,   1092,     89,     87,     23,      0.0
ELEM,   1093,     79,    107,     23,      0.0
ELEM,   1094,     37,    108,     23,      0.0
ELEM,   1095,     89,     91,     23,      0.0
ELEM,   1096,     39,     90,     23,      0.0
ELEM,   1097,     39,     92,     23,      0.0
ELEM,   1098,     41,     91,     23,      0.0
ELEM,   1099,     45,    108,     23,      0.0
ELEM,   1100,      3,     82,     23,      0.0
ELEM,   1101,      5,     81,     23,      0.0
ELEM,   1102,      5,     83,     23,      0.0
ELEM,   1103,      7,     82,     23,      0.0
ELEM,   1104,     43,    111,     23,      0.0
ELEM,   1105,     49,     99,     23,      0.0
ELEM,   1106,     25,    112,     23,      0.0
ELEM,   1107,     29,     98,     23,      0.0
ELEM,   1108,     25,     98,     23,      0.0
ELEM,   1109,     27,     99,     23,      0.0
ELEM,   1110,     21,     95,     23,      0.0
ELEM,   1111,     17,     96,     23,      0.0
ELEM,   1112,     27,    100,     23,      0.0
ELEM,   1113,     19,     96,     23,      0.0
ELEM,   1114,     21,     88,     23,      0.0
ELEM,   1115,     13,    109,     23,      0.0
ELEM,   1116,     43,     86,     23,      0.0
ELEM,   1117,      7,     84,     23,      0.0
ELEM,   1118,      9,     83,     23,      0.0
ELEM,   1119,    101,    135,     24,      0.0
ELEM,   1120,     80,    143,     24,      0.0
ELEM,   1121,    104,    128,     24,      0.0
ELEM,   1122,     88,    144,     24,      0.0
ELEM,   1123,    100,    145,     24,      0.0
ELEM,   1124,    113,    139,     24,      0.0
ELEM,   1125,    113,    128,     24,      0.0
ELEM,   1126,     88,    145,     24,      0.0
ELEM,   1127,     91,    146,     24,      0.0
ELEM,   1128,    103,    131,     24,      0.0
ELEM,   1129,    108,    148,     24,      0.0
ELEM,   1130,    147,    160,     24,      0.0
ELEM,   1131,    117,    149,     24,      0.0
ELEM,   1132,    114,    152,     24,      0.0
ELEM,   1133,    118,    151,     24,      0.0
ELEM,   1134,    120,    153,     24,      0.0
ELEM,   1135,    116,    154,     24,      0.0
ELEM,   1136,    119,    150,     24,      0.0
ELEM,   1137,    129,    170,     25,      0.0
ELEM,   1138,    130,    169,     25,      0.0
ELEM,   1139,    133,    167,     25,      0.0
ELEM,   1140,    134,    166,     25,      0.0
ELEM,   1141,    159,    173,     25,      0.0
ELEM,   1142,    156,    172,     25,      0.0
ELEM,   1143,     80,    122,     25,      0.0
ELEM,   1144,     81,    135,     25,      0.0
ELEM,   1145,     90,    131,     25,      0.0
ELEM,   1146,     91,    130,     25,      0.0
ELEM,   1147,     81,    123,     25,      0.0
ELEM,   1148,     82,    122,     25,      0.0
ELEM,   1149,    110,    160,     25,      0.0
ELEM,   1150,    108,    157,     25,      0.0
ELEM,   1151,    109,    155,     25,      0.0
ELEM,   1152,    111,    158,     25,      0.0
ELEM,   1153,     96,    134,     25,      0.0
ELEM,   1154,     95,    133,     25,      0.0
ELEM,   1155,     99,    141,     25,      0.0
ELEM,   1156,     98,    142,     25,      0.0
ELEM,   1157,     92,    156,     25,      0.0
ELEM,   1158,     94,    159,     25,      0.0
ELEM,   1159,    100,    141,     25,      0.0
ELEM,   1160,     98,    139,     25,      0.0
ELEM,   1161,     82,    124,     25,      0.0
ELEM,   1162,     83,    123,     25,      0.0

# --- CONSTRAINT(CONS) ---
# CONS, NODE,   TX,   TY,   TZ,   RX,   RY,   RZ
#   TX..RZ: 0=FREE  1=FIXED

#    NODE ID,   TX,   TY,   TZ,   RX,   RY,   RZ

CONS, 56, 1, 1, 1, 0, 0, 0, 
CONS, 58, 1, 1, 1, 0, 0, 0, 
CONS, 62, 1, 1, 1, 0, 0, 0, 
CONS, 28, 1, 1, 1, 0, 0, 0, 
CONS, 18, 1, 1, 1, 0, 0, 0, 
CONS, 0, 1, 1, 1, 0, 0, 0, 
CONS, 12, 1, 1, 1, 0, 0, 0, 
CONS, 4, 1, 1, 1, 0, 0, 0, 
CONS, 181, 1, 1, 1, 0, 0, 0, 
CONS, 182, 1, 1, 1, 0, 0, 0, 
CONS, 40, 1, 1, 1, 0, 0, 0, 
CONS, 78, 1, 1, 1, 0, 0, 0, 
CONS, 48, 1, 1, 1, 0, 0, 0, 
CONS, 22, 1, 1, 1, 0, 0, 0, 
CONS, 184, 1, 1, 1, 0, 0, 0, 
CONS, 183, 1, 1, 1, 0, 0, 0, 
CONS, 186, 1, 1, 1, 0, 0, 0, 
CONS, 185, 1, 1, 1, 0, 0, 0, 
CONS, 34, 1, 1, 1, 0, 0, 0, 
CONS, 187, 1, 1, 1, 0, 0, 0, 
CONS, 188, 1, 1, 1, 0, 0, 0, 

# --- ELEMENT JOINT(EJNT) ---
# EJNT, ELEM,        Ryi,        Rzi,        Ryj,        Rzj
#     ,     ,    kNm/rad,    kNm/rad,    kNm/rad,    kNm/rad
#   blank field = default rigid offset

#    ELEM ID,      Ryi,      Rzi,      Ryj,      Rzj

EJNT, 15, 1E-06, 1E-06, 1E-06, 1E-06, 
EJNT, 16, 1E-06, 1E-06, 1E-06, 1E-06, 
EJNT, 17, 1E-06, 1E-06, 1E-06, 1E-06, 
EJNT, 18, 1E-06, 1E-06, 1E-06, 1E-06, 
EJNT, 19, 1E-06, 1E-06, 1E-06, 1E-06, 
EJNT, 20, 1E-06, 1E-06, 1E-06, 1E-06, 
EJNT, 21, 1E-06, 1E-06, 1E-06, 1E-06, 
EJNT, 22, 1E-06, 1E-06, 1E-06, 1E-06, 
EJNT, 23, 1E-06, 1E-06, 1E-06, 1E-06, 
EJNT, 24, 1E-06, 1E-06, 1E-06, 1E-06, 
EJNT, 25, 1E-06, 1E-06, 1E-06, 1E-06, 
EJNT, 26, 1E-06, 1E-06, 1E-06, 1E-06, 
EJNT, 27, 1E-06, 1E-06, 1E-06, 1E-06, 
EJNT, 28, 1E-06, 1E-06, 1E-06, 1E-06, 
EJNT, 29, 1E-06, 1E-06, 1E-06, 1E-06, 
EJNT, 30, 1E-06, 1E-06, 1E-06, 1E-06, 
EJNT, 31, 1E-06, 1E-06, 1E-06, 1E-06, 
EJNT, 32, 1E-06, 1E-06, 1E-06, 1E-06, 
EJNT, 33, 1E-06, 1E-06, 1E-06, 1E-06, 
EJNT, 34, 1E-06, 1E-06, 1E-06, 1E-06, 
EJNT, 35, 1E-06, 1E-06, 1E-06, 1E-06, 
EJNT, 36, 1E-06, 1E-06, 1E-06, 1E-06, 
EJNT, 37, 1E-06, 1E-06, 1E-06, 1E-06, 
EJNT, 38, 1E-06, 1E-06, 1E-06, 1E-06, 
EJNT, 39, 1E-06, 1E-06, 1E-06, 1E-06, 
EJNT, 40, 1E-06, 1E-06, 1E-06, 1E-06, 
EJNT, 41, 1E-06, 1E-06, 1E-06, 1E-06, 
EJNT, 42, 1E-06, 1E-06, 1E-06, 1E-06, 
EJNT, 43, 1E-06, 1E-06, 1E-06, 1E-06, 
EJNT, 44, 1E-06, 1E-06, 1E-06, 1E-06, 
EJNT, 45, 1E-06, 1E-06, 1E-06, 1E-06, 
EJNT, 65, 1E-06, 1E-06, 1E-06, 1E-06, 
EJNT, 66, 1E-06, 1E-06, 1E-06, 1E-06, 
EJNT, 67, 1E-06, 1E-06, 1E-06, 1E-06, 
EJNT, 68, 1E-06, 1E-06, 1E-06, 1E-06, 
EJNT, 69, 1E-06, 1E-06, 1E-06, 1E-06, 
EJNT, 70, 1E-06, 1E-06, 1E-06, 1E-06, 
EJNT, 71, 1E-06, 1E-06, 1E-06, 1E-06, 
EJNT, 72, 1E-06, 1E-06, 1E-06, 1E-06, 
EJNT, 73, 1E-06, 1E-06, 1E-06, 1E-06, 
EJNT, 74, 1E-06, 1E-06, 1E-06, 1E-06, 
EJNT, 75, 1E-06, 1E-06, 1E-06, 1E-06, 
EJNT, 76, 1E-06, 1E-06, 1E-06, 1E-06, 
EJNT, 77, 1E-06, 1E-06, 1E-06, 1E-06, 
EJNT, 78, 1E-06, 1E-06, 1E-06, 1E-06, 
EJNT, 79, 1E-06, 1E-06, 1E-06, 1E-06, 
EJNT, 80, 1E-06, 1E-06, 1E-06, 1E-06, 
EJNT, 81, 1E-06, 1E-06, 1E-06, 1E-06, 
EJNT, 82, 1E-06, 1E-06, 1E-06, 1E-06, 
EJNT, 83, 1E-06, 1E-06, 1E-06, 1E-06, 
EJNT, 84, 1E-06, 1E-06, 1E-06, 1E-06, 
EJNT, 85, 1E-06, 1E-06, 1E-06, 1E-06, 
EJNT, 86, 1E-06, 1E-06, 1E-06, 1E-06, 
EJNT, 87, 1E-06, 1E-06, 1E-06, 1E-06, 
EJNT, 88, 1E-06, 1E-06, 1E-06, 1E-06, 
EJNT, 89, 1E-06, 1E-06, 1E-06, 1E-06, 
EJNT, 111, 1E-06, 1E-06, 1E-06, 1E-06, 
EJNT, 112, 1E-06, 1E-06, 1E-06, 1E-06, 
EJNT, 113, 1E-06, 1E-06, 1E-06, 1E-06, 
EJNT, 114, 1E-06, 1E-06, 1E-06, 1E-06, 
EJNT, 115, 1E-06, 1E-06, 1E-06, 1E-06, 
EJNT, 116, 1E-06, 1E-06, 1E-06, 1E-06, 
EJNT, 117, 1E-06, 1E-06, 1E-06, 1E-06, 
EJNT, 118, 1E-06, 1E-06, 1E-06, 1E-06, 
EJNT, 119, 1E-06, 1E-06, 1E-06, 1E-06, 
EJNT, 120, 1E-06, 1E-06, 1E-06, 1E-06, 
EJNT, 121, 1E-06, 1E-06, 1E-06, 1E-06, 
EJNT, 122, 1E-06, 1E-06, 1E-06, 1E-06, 
EJNT, 123, 1E-06, 1E-06, 1E-06, 1E-06, 
EJNT, 124, 1E-06, 1E-06, 1E-06, 1E-06, 
EJNT, 125, 1E-06, 1E-06, 1E-06, 1E-06, 
EJNT, 126, 1E-06, 1E-06, 1E-06, 1E-06, 
EJNT, 127, 1E-06, 1E-06, 1E-06, 1E-06, 
EJNT, 128, 1E-06, 1E-06, 1E-06, 1E-06, 
EJNT, 129, 1E-06, 1E-06, 1E-06, 1E-06, 
EJNT, 130, 1E-06, 1E-06, 1E-06, 1E-06, 
EJNT, 131, 1E-06, 1E-06, 1E-06, 1E-06, 
EJNT, 132, 1E-06, 1E-06, 1E-06, 1E-06, 
EJNT, 133, 1E-06, 1E-06, 1E-06, 1E-06, 
EJNT, 134, 1E-06, 1E-06, 1E-06, 1E-06, 
EJNT, 135, 1E-06, 1E-06, 1E-06, 1E-06, 
EJNT, 136, 1E-06, 1E-06, 1E-06, 1E-06, 
EJNT, 137, 1E-06, 1E-06, 1E-06, 1E-06, 
EJNT, 138, 1E-06, 1E-06, 1E-06, 1E-06, 
EJNT, 139, 1E-06, 1E-06, 1E-06, 1E-06, 
EJNT, 140, 1E-06, 1E-06, 1E-06, 1E-06, 
EJNT, 141, 1E-06, 1E-06, 1E-06, 1E-06, 
EJNT, 142, 1E-06, 1E-06, 1E-06, 1E-06, 
EJNT, 143, 1E-06, 1E-06, 1E-06, 1E-06, 
EJNT, 144, 1E-06, 1E-06, 1E-06, 1E-06, 
EJNT, 145, 1E-06, 1E-06, 1E-06, 1E-06, 
EJNT, 566, 1E-06, 1E-06, 1E-06, 1E-06, 
EJNT, 567, 1E-06, 1E-06, 1E-06, 1E-06, 
EJNT, 568, 1E-06, 1E-06, 1E-06, 1E-06, 
EJNT, 569, 1E-06, 1E-06, 1E-06, 1E-06, 
EJNT, 570, 1E-06, 1E-06, 1E-06, 1E-06, 
EJNT, 571, 1E-06, 1E-06, 1E-06, 1E-06, 
EJNT, 572, 1E-06, 1E-06, 1E-06, 1E-06, 
EJNT, 573, 1E-06, 1E-06, 1E-06, 1E-06, 
EJNT, 574, 1E-06, 1E-06, 1E-06, 1E-06, 
EJNT, 575, 1E-06, 1E-06, 1E-06, 1E-06, 
EJNT, 576, 1E-06, 1E-06, 1E-06, 1E-06, 
EJNT, 577, 1E-06, 1E-06, 1E-06, 1E-06, 
EJNT, 578, 1E-06, 1E-06, 1E-06, 1E-06, 
EJNT, 579, 1E-06, 1E-06, 1E-06, 1E-06, 
EJNT, 580, 1E-06, 1E-06, 1E-06, 1E-06, 
EJNT, 581, 1E-06, 1E-06, 1E-06, 1E-06, 
EJNT, 582, 1E-06, 1E-06, 1E-06, 1E-06, 
EJNT, 583, 1E-06, 1E-06, 1E-06, 1E-06, 
EJNT, 584, 1E-06, 1E-06, 1E-06, 1E-06, 
EJNT, 585, 1E-06, 1E-06, 1E-06, 1E-06, 
EJNT, 586, 1E-06, 1E-06, 1E-06, 1E-06, 
EJNT, 587, 1E-06, 1E-06, 1E-06, 1E-06, 
EJNT, 588, 1E-06, 1E-06, 1E-06, 1E-06, 
EJNT, 589, 1E-06, 1E-06, 1E-06, 1E-06, 
EJNT, 590, 1E-06, 1E-06, 1E-06, 1E-06, 
EJNT, 591, 1E-06, 1E-06, 1E-06, 1E-06, 
EJNT, 592, 1E-06, 1E-06, 1E-06, 1E-06, 
EJNT, 593, 1E-06, 1E-06, 1E-06, 1E-06, 
EJNT, 594, 1E-06, 1E-06, 1E-06, 1E-06, 
EJNT, 595, 1E-06, 1E-06, 1E-06, 1E-06, 
EJNT, 596, 1E-06, 1E-06, 1E-06, 1E-06, 
EJNT, 597, 1E-06, 1E-06, 1E-06, 1E-06, 
EJNT, 598, 1E-06, 1E-06, 1E-06, 1E-06, 
EJNT, 599, 1E-06, 1E-06, 1E-06, 1E-06, 
EJNT, 600, 1E-06, 1E-06, 1E-06, 1E-06, 
EJNT, 601, 1E-06, 1E-06, 1E-06, 1E-06, 
EJNT, 602, 1E-06, 1E-06, 1E-06, 1E-06, 
EJNT, 603, 1E-06, 1E-06, 1E-06, 1E-06, 
EJNT, 604, 1E-06, 1E-06, 1E-06, 1E-06, 
EJNT, 605, 1E-06, 1E-06, 1E-06, 1E-06, 
EJNT, 606, 1E-06, 1E-06, 1E-06, 1E-06, 
EJNT, 607, 1E-06, 1E-06, 1E-06, 1E-06, 
EJNT, 608, 1E-06, 1E-06, 1E-06, 1E-06, 
EJNT, 609, 1E-06, 1E-06, 1E-06, 1E-06, 
EJNT, 610, 1E-06, 1E-06, 1E-06, 1E-06, 
EJNT, 611, 1E-06, 1E-06, 1E-06, 1E-06, 
EJNT, 612, 1E-06, 1E-06, 1E-06, 1E-06, 
EJNT, 613, 1E-06, 1E-06, 1E-06, 1E-06, 
EJNT, 614, 1E-06, 1E-06, 1E-06, 1E-06, 
EJNT, 615, 1E-06, 1E-06, 1E-06, 1E-06, 
EJNT, 616, 1E-06, 1E-06, 1E-06, 1E-06, 
EJNT, 617, 1E-06, 1E-06, 1E-06, 1E-06, 
EJNT, 618, 1E-06, 1E-06, 1E-06, 1E-06, 
EJNT, 619, 1E-06, 1E-06, 1E-06, 1E-06, 
EJNT, 620, 1E-06, 1E-06, 1E-06, 1E-06, 
EJNT, 621, 1E-06, 1E-06, 1E-06, 1E-06, 
EJNT, 622, 1E-06, 1E-06, 1E-06, 1E-06, 
EJNT, 623, 1E-06, 1E-06, 1E-06, 1E-06, 
EJNT, 624, 1E-06, 1E-06, 1E-06, 1E-06, 
EJNT, 625, 1E-06, 1E-06, 1E-06, 1E-06, 
EJNT, 626, 1E-06, 1E-06, 1E-06, 1E-06, 
EJNT, 627, 1E-06, 1E-06, 1E-06, 1E-06, 
EJNT, 628, 1E-06, 1E-06, 1E-06, 1E-06, 
EJNT, 629, 1E-06, 1E-06, 1E-06, 1E-06, 
EJNT, 630, 1E-06, 1E-06, 1E-06, 1E-06, 
EJNT, 631, 1E-06, 1E-06, 1E-06, 1E-06, 
EJNT, 632, 1E-06, 1E-06, 1E-06, 1E-06, 
EJNT, 633, 1E-06, 1E-06, 1E-06, 1E-06, 
EJNT, 634, 1E-06, 1E-06, 1E-06, 1E-06, 
EJNT, 635, 1E-06, 1E-06, 1E-06, 1E-06, 
EJNT, 636, 1E-06, 1E-06, 1E-06, 1E-06, 
EJNT, 637, 1E-06, 1E-06, 1E-06, 1E-06, 
EJNT, 638, 1E-06, 1E-06, 1E-06, 1E-06, 
EJNT, 639, 1E-06, 1E-06, 1E-06, 1E-06, 
EJNT, 640, 1E-06, 1E-06, 1E-06, 1E-06, 
EJNT, 641, 1E-06, 1E-06, 1E-06, 1E-06, 
EJNT, 642, 1E-06, 1E-06, 1E-06, 1E-06, 
EJNT, 643, 1E-06, 1E-06, 1E-06, 1E-06, 
EJNT, 644, 1E-06, 1E-06, 1E-06, 1E-06, 
EJNT, 645, 1E-06, 1E-06, 1E-06, 1E-06, 
EJNT, 646, 1E-06, 1E-06, 1E-06, 1E-06, 
EJNT, 647, 1E-06, 1E-06, 1E-06, 1E-06, 
EJNT, 648, 1E-06, 1E-06, 1E-06, 1E-06, 
EJNT, 649, 1E-06, 1E-06, 1E-06, 1E-06, 
EJNT, 650, 1E-06, 1E-06, 1E-06, 1E-06, 
EJNT, 651, 1E-06, 1E-06, 1E-06, 1E-06, 
EJNT, 652, 1E-06, 1E-06, 1E-06, 1E-06, 
EJNT, 653, 1E-06, 1E-06, 1E-06, 1E-06, 
EJNT, 654, 1E-06, 1E-06, 1E-06, 1E-06, 
EJNT, 655, 1E-06, 1E-06, 1E-06, 1E-06, 
EJNT, 656, 1E-06, 1E-06, 1E-06, 1E-06, 
EJNT, 657, 1E-06, 1E-06, 1E-06, 1E-06, 
EJNT, 658, 1E-06, 1E-06, 1E-06, 1E-06, 
EJNT, 659, 1E-06, 1E-06, 1E-06, 1E-06, 
EJNT, 660, 1E-06, 1E-06, 1E-06, 1E-06, 
EJNT, 661, 1E-06, 1E-06, 1E-06, 1E-06, 
EJNT, 662, 1E-06, 1E-06, 1E-06, 1E-06, 
EJNT, 663, 1E-06, 1E-06, 1E-06, 1E-06, 
EJNT, 664, 1E-06, 1E-06, 1E-06, 1E-06, 
EJNT, 665, 1E-06, 1E-06, 1E-06, 1E-06, 
EJNT, 666, 1E-06, 1E-06, 1E-06, 1E-06, 
EJNT, 667, 1E-06, 1E-06, 1E-06, 1E-06, 
EJNT, 668, 1E-06, 1E-06, 1E-06, 1E-06, 
EJNT, 669, 1E-06, 1E-06, 1E-06, 1E-06, 
EJNT, 670, 1E-06, 1E-06, 1E-06, 1E-06, 
EJNT, 671, 1E-06, 1E-06, 1E-06, 1E-06, 
EJNT, 672, 1E-06, 1E-06, 1E-06, 1E-06, 
EJNT, 673, 1E-06, 1E-06, 1E-06, 1E-06, 
EJNT, 674, 1E-06, 1E-06, 1E-06, 1E-06, 
EJNT, 675, 1E-06, 1E-06, 1E-06, 1E-06, 
EJNT, 676, 1E-06, 1E-06, 1E-06, 1E-06, 
EJNT, 677, 1E-06, 1E-06, 1E-06, 1E-06, 
EJNT, 678, 1E-06, 1E-06, 1E-06, 1E-06, 
EJNT, 679, 1E-06, 1E-06, 1E-06, 1E-06, 
EJNT, 680, 1E-06, 1E-06, 1E-06, 1E-06, 
EJNT, 681, 1E-06, 1E-06, 1E-06, 1E-06, 
EJNT, 682, 1E-06, 1E-06, 1E-06, 1E-06, 
EJNT, 683, 1E-06, 1E-06, 1E-06, 1E-06, 
EJNT, 684, 1E-06, 1E-06, 1E-06, 1E-06, 
EJNT, 685, 1E-06, 1E-06, 1E-06, 1E-06, 
EJNT, 686, 1E-06, 1E-06, 1E-06, 1E-06, 
EJNT, 687, 1E-06, 1E-06, 1E-06, 1E-06, 
EJNT, 688, 1E-06, 1E-06, 1E-06, 1E-06, 
EJNT, 689, 1E-06, 1E-06, 1E-06, 1E-06, 
EJNT, 690, 1E-06, 1E-06, 1E-06, 1E-06, 
EJNT, 691, 1E-06, 1E-06, 1E-06, 1E-06, 
EJNT, 692, 1E-06, 1E-06, 1E-06, 1E-06, 
EJNT, 693, 1E-06, 1E-06, 1E-06, 1E-06, 
EJNT, 694, 1E-06, 1E-06, 1E-06, 1E-06, 
EJNT, 695, 1E-06, 1E-06, 1E-06, 1E-06, 
EJNT, 696, 1E-06, 1E-06, 1E-06, 1E-06, 
EJNT, 697, 1E-06, 1E-06, 1E-06, 1E-06, 
EJNT, 698, 1E-06, 1E-06, 1E-06, 1E-06, 
EJNT, 699, 1E-06, 1E-06, 1E-06, 1E-06, 
EJNT, 700, 1E-06, 1E-06, 1E-06, 1E-06, 
EJNT, 701, 1E-06, 1E-06, 1E-06, 1E-06, 
EJNT, 702, 1E-06, 1E-06, 1E-06, 1E-06, 
EJNT, 703, 1E-06, 1E-06, 1E-06, 1E-06, 
EJNT, 704, 1E-06, 1E-06, 1E-06, 1E-06, 
EJNT, 705, 1E-06, 1E-06, 1E-06, 1E-06, 
EJNT, 706, 1E-06, 1E-06, 1E-06, 1E-06, 
EJNT, 707, 1E-06, 1E-06, 1E-06, 1E-06, 
EJNT, 708, 1E-06, 1E-06, 1E-06, 1E-06, 
EJNT, 709, 1E-06, 1E-06, 1E-06, 1E-06, 
EJNT, 710, 1E-06, 1E-06, 1E-06, 1E-06, 
EJNT, 711, 1E-06, 1E-06, 1E-06, 1E-06, 
EJNT, 712, 1E-06, 1E-06, 1E-06, 1E-06, 
EJNT, 713, 1E-06, 1E-06, 1E-06, 1E-06, 
EJNT, 714, 1E-06, 1E-06, 1E-06, 1E-06, 
EJNT, 715, 1E-06, 1E-06, 1E-06, 1E-06, 
EJNT, 716, 1E-06, 1E-06, 1E-06, 1E-06, 
EJNT, 717, 1E-06, 1E-06, 1E-06, 1E-06, 
EJNT, 718, 1E-06, 1E-06, 1E-06, 1E-06, 
EJNT, 719, 1E-06, 1E-06, 1E-06, 1E-06, 
EJNT, 720, 1E-06, 1E-06, 1E-06, 1E-06, 
EJNT, 721, 1E-06, 1E-06, 1E-06, 1E-06, 
EJNT, 722, 1E-06, 1E-06, 1E-06, 1E-06, 
EJNT, 723, 1E-06, 1E-06, 1E-06, 1E-06, 
EJNT, 724, 1E-06, 1E-06, 1E-06, 1E-06, 
EJNT, 725, 1E-06, 1E-06, 1E-06, 1E-06, 
EJNT, 726, 1E-06, 1E-06, 1E-06, 1E-06, 
EJNT, 727, 1E-06, 1E-06, 1E-06, 1E-06, 
EJNT, 728, 1E-06, 1E-06, 1E-06, 1E-06, 
EJNT, 729, 1E-06, 1E-06, 1E-06, 1E-06, 
EJNT, 730, 1E-06, 1E-06, 1E-06, 1E-06, 
EJNT, 731, 1E-06, 1E-06, 1E-06, 1E-06, 
EJNT, 732, 1E-06, 1E-06, 1E-06, 1E-06, 
EJNT, 733, 1E-06, 1E-06, 1E-06, 1E-06, 
EJNT, 734, 1E-06, 1E-06, 1E-06, 1E-06, 
EJNT, 735, 1E-06, 1E-06, 1E-06, 1E-06, 
EJNT, 736, 1E-06, 1E-06, 1E-06, 1E-06, 
EJNT, 737, 1E-06, 1E-06, 1E-06, 1E-06, 
EJNT, 738, 1E-06, 1E-06, 1E-06, 1E-06, 
EJNT, 739, 1E-06, 1E-06, 1E-06, 1E-06, 
EJNT, 740, 1E-06, 1E-06, 1E-06, 1E-06, 
EJNT, 741, 1E-06, 1E-06, 1E-06, 1E-06, 
EJNT, 742, 1E-06, 1E-06, 1E-06, 1E-06, 
EJNT, 743, 1E-06, 1E-06, 1E-06, 1E-06, 
EJNT, 744, 1E-06, 1E-06, 1E-06, 1E-06, 
EJNT, 745, 1E-06, 1E-06, 1E-06, 1E-06, 
EJNT, 746, 1E-06, 1E-06, 1E-06, 1E-06, 
EJNT, 747, 1E-06, 1E-06, 1E-06, 1E-06, 
EJNT, 748, 1E-06, 1E-06, 1E-06, 1E-06, 
EJNT, 749, 1E-06, 1E-06, 1E-06, 1E-06, 
EJNT, 750, 1E-06, 1E-06, 1E-06, 1E-06, 
EJNT, 751, 1E-06, 1E-06, 1E-06, 1E-06, 
EJNT, 752, 1E-06, 1E-06, 1E-06, 1E-06, 
EJNT, 753, 1E-06, 1E-06, 1E-06, 1E-06, 
EJNT, 754, 1E-06, 1E-06, 1E-06, 1E-06, 
EJNT, 755, 1E-06, 1E-06, 1E-06, 1E-06, 
EJNT, 756, 1E-06, 1E-06, 1E-06, 1E-06, 
EJNT, 757, 1E-06, 1E-06, 1E-06, 1E-06, 
EJNT, 758, 1E-06, 1E-06, 1E-06, 1E-06, 
EJNT, 759, 1E-06, 1E-06, 1E-06, 1E-06, 
EJNT, 760, 1E-06, 1E-06, 1E-06, 1E-06, 
EJNT, 761, 1E-06, 1E-06, 1E-06, 1E-06, 
EJNT, 762, 1E-06, 1E-06, 1E-06, 1E-06, 
EJNT, 763, 1E-06, 1E-06, 1E-06, 1E-06, 
EJNT, 764, 1E-06, 1E-06, 1E-06, 1E-06, 
EJNT, 765, 1E-06, 1E-06, 1E-06, 1E-06, 
EJNT, 766, 1E-06, 1E-06, 1E-06, 1E-06, 
EJNT, 767, 1E-06, 1E-06, 1E-06, 1E-06, 
EJNT, 768, 1E-06, 1E-06, 1E-06, 1E-06, 
EJNT, 769, 1E-06, 1E-06, 1E-06, 1E-06, 
EJNT, 770, 1E-06, 1E-06, 1E-06, 1E-06, 
EJNT, 771, 1E-06, 1E-06, 1E-06, 1E-06, 
EJNT, 772, 1E-06, 1E-06, 1E-06, 1E-06, 
EJNT, 773, 1E-06, 1E-06, 1E-06, 1E-06, 
EJNT, 774, 1E-06, 1E-06, 1E-06, 1E-06, 
EJNT, 775, 1E-06, 1E-06, 1E-06, 1E-06, 
EJNT, 776, 1E-06, 1E-06, 1E-06, 1E-06, 
EJNT, 777, 1E-06, 1E-06, 1E-06, 1E-06, 
EJNT, 778, 1E-06, 1E-06, 1E-06, 1E-06, 
EJNT, 779, 1E-06, 1E-06, 1E-06, 1E-06, 
EJNT, 780, 1E-06, 1E-06, 1E-06, 1E-06, 
EJNT, 781, 1E-06, 1E-06, 1E-06, 1E-06, 
EJNT, 782, 1E-06, 1E-06, 1E-06, 1E-06, 
EJNT, 783, 1E-06, 1E-06, 1E-06, 1E-06, 
EJNT, 784, 1E-06, 1E-06, 1E-06, 1E-06, 
EJNT, 785, 1E-06, 1E-06, 1E-06, 1E-06, 
EJNT, 786, 1E-06, 1E-06, 1E-06, 1E-06, 
EJNT, 787, 1E-06, 1E-06, 1E-06, 1E-06, 
EJNT, 788, 1E-06, 1E-06, 1E-06, 1E-06, 
EJNT, 789, 1E-06, 1E-06, 1E-06, 1E-06, 
EJNT, 790, 1E-06, 1E-06, 1E-06, 1E-06, 
EJNT, 791, 1E-06, 1E-06, 1E-06, 1E-06, 
EJNT, 792, 1E-06, 1E-06, 1E-06, 1E-06, 
EJNT, 793, 1E-06, 1E-06, 1E-06, 1E-06, 
EJNT, 794, 1E-06, 1E-06, 1E-06, 1E-06, 
EJNT, 795, 1E-06, 1E-06, 1E-06, 1E-06, 
EJNT, 796, 1E-06, 1E-06, 1E-06, 1E-06, 
EJNT, 797, 1E-06, 1E-06, 1E-06, 1E-06, 
EJNT, 798, 1E-06, 1E-06, 1E-06, 1E-06, 
EJNT, 799, 1E-06, 1E-06, 1E-06, 1E-06, 
EJNT, 800, 1E-06, 1E-06, 1E-06, 1E-06, 
EJNT, 801, 1E-06, 1E-06, 1E-06, 1E-06, 
EJNT, 802, 1E-06, 1E-06, 1E-06, 1E-06, 
EJNT, 803, 1E-06, 1E-06, 1E-06, 1E-06, 
EJNT, 804, 1E-06, 1E-06, 1E-06, 1E-06, 
EJNT, 805, 1E-06, 1E-06, 1E-06, 1E-06, 
EJNT, 806, 1E-06, 1E-06, 1E-06, 1E-06, 
EJNT, 807, 1E-06, 1E-06, 1E-06, 1E-06, 
EJNT, 808, 1E-06, 1E-06, 1E-06, 1E-06, 
EJNT, 809, 1E-06, 1E-06, 1E-06, 1E-06, 
EJNT, 810, 1E-06, 1E-06, 1E-06, 1E-06, 
EJNT, 811, 1E-06, 1E-06, 1E-06, 1E-06, 
EJNT, 812, 1E-06, 1E-06, 1E-06, 1E-06, 
EJNT, 813, 1E-06, 1E-06, 1E-06, 1E-06, 
EJNT, 814, 1E-06, 1E-06, 1E-06, 1E-06, 
EJNT, 815, 1E-06, 1E-06, 1E-06, 1E-06, 
EJNT, 816, 1E-06, 1E-06, 1E-06, 1E-06, 
EJNT, 817, 1E-06, 1E-06, 1E-06, 1E-06, 
EJNT, 818, 1E-06, 1E-06, 1E-06, 1E-06, 
EJNT, 819, 1E-06, 1E-06, 1E-06, 1E-06, 
EJNT, 820, 1E-06, 1E-06, 1E-06, 1E-06, 
EJNT, 821, 1E-06, 1E-06, 1E-06, 1E-06, 
EJNT, 822, 1E-06, 1E-06, 1E-06, 1E-06, 
EJNT, 823, 1E-06, 1E-06, 1E-06, 1E-06, 
EJNT, 824, 1E-06, 1E-06, 1E-06, 1E-06, 
EJNT, 825, 1E-06, 1E-06, 1E-06, 1E-06, 
EJNT, 826, 1E-06, 1E-06, 1E-06, 1E-06, 
EJNT, 827, 1E-06, 1E-06, 1E-06, 1E-06, 
EJNT, 828, 1E-06, 1E-06, 1E-06, 1E-06, 
EJNT, 829, 1E-06, 1E-06, 1E-06, 1E-06, 
EJNT, 830, 1E-06, 1E-06, 1E-06, 1E-06, 
EJNT, 831, 1E-06, 1E-06, 1E-06, 1E-06, 
EJNT, 832, 1E-06, 1E-06, 1E-06, 1E-06, 
EJNT, 833, 1E-06, 1E-06, 1E-06, 1E-06, 
EJNT, 834, 1E-06, 1E-06, 1E-06, 1E-06, 
EJNT, 835, 1E-06, 1E-06, 1E-06, 1E-06, 
EJNT, 836, 1E-06, 1E-06, 1E-06, 1E-06, 
EJNT, 837, 1E-06, 1E-06, 1E-06, 1E-06, 
EJNT, 838, 1E-06, 1E-06, 1E-06, 1E-06, 
EJNT, 839, 1E-06, 1E-06, 1E-06, 1E-06, 
EJNT, 840, 1E-06, 1E-06, 1E-06, 1E-06, 
EJNT, 841, 1E-06, 1E-06, 1E-06, 1E-06, 
EJNT, 842, 1E-06, 1E-06, 1E-06, 1E-06, 
EJNT, 843, 1E-06, 1E-06, 1E-06, 1E-06, 
EJNT, 844, 1E-06, 1E-06, 1E-06, 1E-06, 
EJNT, 845, 1E-06, 1E-06, 1E-06, 1E-06, 
EJNT, 846, 1E-06, 1E-06, 1E-06, 1E-06, 
EJNT, 847, 1E-06, 1E-06, 1E-06, 1E-06, 
EJNT, 848, 1E-06, 1E-06, 1E-06, 1E-06, 
EJNT, 849, 1E-06, 1E-06, 1E-06, 1E-06, 
EJNT, 850, 1E-06, 1E-06, 1E-06, 1E-06, 
EJNT, 851, 1E-06, 1E-06, 1E-06, 1E-06, 
EJNT, 852, 1E-06, 1E-06, 1E-06, 1E-06, 
EJNT, 853, 1E-06, 1E-06, 1E-06, 1E-06, 
EJNT, 854, 1E-06, 1E-06, 1E-06, 1E-06, 
EJNT, 855, 1E-06, 1E-06, 1E-06, 1E-06, 
EJNT, 856, 1E-06, 1E-06, 1E-06, 1E-06, 
EJNT, 857, 1E-06, 1E-06, 1E-06, 1E-06, 
EJNT, 858, 1E-06, 1E-06, 1E-06, 1E-06, 
EJNT, 859, 1E-06, 1E-06, 1E-06, 1E-06, 
EJNT, 860, 1E-06, 1E-06, 1E-06, 1E-06, 
EJNT, 861, 1E-06, 1E-06, 1E-06, 1E-06, 
EJNT, 862, 1E-06, 1E-06, 1E-06, 1E-06, 
EJNT, 863, 1E-06, 1E-06, 1E-06, 1E-06, 
EJNT, 864, 1E-06, 1E-06, 1E-06, 1E-06, 
EJNT, 865, 1E-06, 1E-06, 1E-06, 1E-06, 
EJNT, 866, 1E-06, 1E-06, 1E-06, 1E-06, 
EJNT, 867, 1E-06, 1E-06, 1E-06, 1E-06, 
EJNT, 868, 1E-06, 1E-06, 1E-06, 1E-06, 
EJNT, 869, 1E-06, 1E-06, 1E-06, 1E-06, 
EJNT, 870, 1E-06, 1E-06, 1E-06, 1E-06, 
EJNT, 871, 1E-06, 1E-06, 1E-06, 1E-06, 
EJNT, 872, 1E-06, 1E-06, 1E-06, 1E-06, 
EJNT, 873, 1E-06, 1E-06, 1E-06, 1E-06, 
EJNT, 874, 1E-06, 1E-06, 1E-06, 1E-06, 
EJNT, 875, 1E-06, 1E-06, 1E-06, 1E-06, 
EJNT, 876, 1E-06, 1E-06, 1E-06, 1E-06, 
EJNT, 877, 1E-06, 1E-06, 1E-06, 1E-06, 
EJNT, 878, 1E-06, 1E-06, 1E-06, 1E-06, 
EJNT, 879, 1E-06, 1E-06, 1E-06, 1E-06, 
EJNT, 880, 1E-06, 1E-06, 1E-06, 1E-06, 
EJNT, 881, 1E-06, 1E-06, 1E-06, 1E-06, 
EJNT, 882, 1E-06, 1E-06, 1E-06, 1E-06, 
EJNT, 883, 1E-06, 1E-06, 1E-06, 1E-06, 
EJNT, 884, 1E-06, 1E-06, 1E-06, 1E-06, 
EJNT, 885, 1E-06, 1E-06, 1E-06, 1E-06, 
EJNT, 886, 1E-06, 1E-06, 1E-06, 1E-06, 
EJNT, 887, 1E-06, 1E-06, 1E-06, 1E-06, 
EJNT, 888, 1E-06, 1E-06, 1E-06, 1E-06, 
EJNT, 889, 1E-06, 1E-06, 1E-06, 1E-06, 
EJNT, 890, 1E-06, 1E-06, 1E-06, 1E-06, 
EJNT, 891, 1E-06, 1E-06, 1E-06, 1E-06, 
EJNT, 892, 1E-06, 1E-06, 1E-06, 1E-06, 
EJNT, 893, 1E-06, 1E-06, 1E-06, 1E-06, 
EJNT, 894, 1E-06, 1E-06, 1E-06, 1E-06, 
EJNT, 895, 1E-06, 1E-06, 1E-06, 1E-06, 
EJNT, 896, 1E-06, 1E-06, 1E-06, 1E-06, 
EJNT, 897, 1E-06, 1E-06, 1E-06, 1E-06, 
EJNT, 898, 1E-06, 1E-06, 1E-06, 1E-06, 
EJNT, 899, 1E-06, 1E-06, 1E-06, 1E-06, 
EJNT, 900, 1E-06, 1E-06, 1E-06, 1E-06, 
EJNT, 901, 1E-06, 1E-06, 1E-06, 1E-06, 
EJNT, 902, 1E-06, 1E-06, 1E-06, 1E-06, 
EJNT, 903, 1E-06, 1E-06, 1E-06, 1E-06, 
EJNT, 904, 1E-06, 1E-06, 1E-06, 1E-06, 
EJNT, 905, 1E-06, 1E-06, 1E-06, 1E-06, 
EJNT, 906, 1E-06, 1E-06, 1E-06, 1E-06, 
EJNT, 907, 1E-06, 1E-06, 1E-06, 1E-06, 
EJNT, 908, 1E-06, 1E-06, 1E-06, 1E-06, 
EJNT, 909, 1E-06, 1E-06, 1E-06, 1E-06, 
EJNT, 910, 1E-06, 1E-06, 1E-06, 1E-06, 
EJNT, 911, 1E-06, 1E-06, 1E-06, 1E-06, 
EJNT, 912, 1E-06, 1E-06, 1E-06, 1E-06, 
EJNT, 913, 1E-06, 1E-06, 1E-06, 1E-06, 
EJNT, 914, 1E-06, 1E-06, 1E-06, 1E-06, 
EJNT, 915, 1E-06, 1E-06, 1E-06, 1E-06, 
EJNT, 916, 1E-06, 1E-06, 1E-06, 1E-06, 
EJNT, 917, 1E-06, 1E-06, 1E-06, 1E-06, 
EJNT, 918, 1E-06, 1E-06, 1E-06, 1E-06, 
EJNT, 919, 1E-06, 1E-06, 1E-06, 1E-06, 
EJNT, 920, 1E-06, 1E-06, 1E-06, 1E-06, 
EJNT, 921, 1E-06, 1E-06, 1E-06, 1E-06, 
EJNT, 922, 1E-06, 1E-06, 1E-06, 1E-06, 
EJNT, 923, 1E-06, 1E-06, 1E-06, 1E-06, 
EJNT, 924, 1E-06, 1E-06, 1E-06, 1E-06, 
EJNT, 925, 1E-06, 1E-06, 1E-06, 1E-06, 
EJNT, 926, 1E-06, 1E-06, 1E-06, 1E-06, 
EJNT, 927, 1E-06, 1E-06, 1E-06, 1E-06, 
EJNT, 928, 1E-06, 1E-06, 1E-06, 1E-06, 
EJNT, 929, 1E-06, 1E-06, 1E-06, 1E-06, 
EJNT, 930, 1E-06, 1E-06, 1E-06, 1E-06, 
EJNT, 931, 1E-06, 1E-06, 1E-06, 1E-06, 
EJNT, 932, 1E-06, 1E-06, 1E-06, 1E-06, 
EJNT, 933, 1E-06, 1E-06, 1E-06, 1E-06, 
EJNT, 934, 1E-06, 1E-06, 1E-06, 1E-06, 
EJNT, 935, 1E-06, 1E-06, 1E-06, 1E-06, 
EJNT, 936, 1E-06, 1E-06, 1E-06, 1E-06, 
EJNT, 937, 1E-06, 1E-06, 1E-06, 1E-06, 
EJNT, 938, 1E-06, 1E-06, 1E-06, 1E-06, 
EJNT, 939, 1E-06, 1E-06, 1E-06, 1E-06, 
EJNT, 940, 1E-06, 1E-06, 1E-06, 1E-06, 
EJNT, 941, 1E-06, 1E-06, 1E-06, 1E-06, 
EJNT, 942, 1E-06, 1E-06, 1E-06, 1E-06, 
EJNT, 943, 1E-06, 1E-06, 1E-06, 1E-06, 
EJNT, 944, 1E-06, 1E-06, 1E-06, 1E-06, 
EJNT, 945, 1E-06, 1E-06, 1E-06, 1E-06, 
EJNT, 946, 1E-06, 1E-06, 1E-06, 1E-06, 
EJNT, 947, 1E-06, 1E-06, 1E-06, 1E-06, 
EJNT, 948, 1E-06, 1E-06, 1E-06, 1E-06, 
EJNT, 949, 1E-06, 1E-06, 1E-06, 1E-06, 
EJNT, 950, 1E-06, 1E-06, 1E-06, 1E-06, 
EJNT, 951, 1E-06, 1E-06, 1E-06, 1E-06, 
EJNT, 952, 1E-06, 1E-06, 1E-06, 1E-06, 
EJNT, 953, 1E-06, 1E-06, 1E-06, 1E-06, 
EJNT, 954, 1E-06, 1E-06, 1E-06, 1E-06, 
EJNT, 955, 1E-06, 1E-06, 1E-06, 1E-06, 
EJNT, 956, 1E-06, 1E-06, 1E-06, 1E-06, 
EJNT, 957, 1E-06, 1E-06, 1E-06, 1E-06, 
EJNT, 958, 1E-06, 1E-06, 1E-06, 1E-06, 
EJNT, 959, 1E-06, 1E-06, 1E-06, 1E-06, 
EJNT, 960, 1E-06, 1E-06, 1E-06, 1E-06, 
EJNT, 961, 1E-06, 1E-06, 1E-06, 1E-06, 
EJNT, 962, 1E-06, 1E-06, 1E-06, 1E-06, 
EJNT, 963, 1E-06, 1E-06, 1E-06, 1E-06, 
EJNT, 964, 1E-06, 1E-06, 1E-06, 1E-06, 
EJNT, 965, 1E-06, 1E-06, 1E-06, 1E-06, 
EJNT, 966, 1E-06, 1E-06, 1E-06, 1E-06, 
EJNT, 967, 1E-06, 1E-06, 1E-06, 1E-06, 
EJNT, 968, 1E-06, 1E-06, 1E-06, 1E-06, 
EJNT, 969, 1E-06, 1E-06, 1E-06, 1E-06, 
EJNT, 970, 1E-06, 1E-06, 1E-06, 1E-06, 
EJNT, 971, 1E-06, 1E-06, 1E-06, 1E-06, 
EJNT, 972, 1E-06, 1E-06, 1E-06, 1E-06, 
EJNT, 973, 1E-06, 1E-06, 1E-06, 1E-06, 
EJNT, 974, 1E-06, 1E-06, 1E-06, 1E-06, 
EJNT, 975, 1E-06, 1E-06, 1E-06, 1E-06, 
EJNT, 976, 1E-06, 1E-06, 1E-06, 1E-06, 
EJNT, 977, 1E-06, 1E-06, 1E-06, 1E-06, 
EJNT, 978, 1E-06, 1E-06, 1E-06, 1E-06, 
EJNT, 979, 1E-06, 1E-06, 1E-06, 1E-06, 
EJNT, 980, 1E-06, 1E-06, 1E-06, 1E-06, 
EJNT, 981, 1E-06, 1E-06, 1E-06, 1E-06, 
EJNT, 982, 1E-06, 1E-06, 1E-06, 1E-06, 
EJNT, 983, 1E-06, 1E-06, 1E-06, 1E-06, 
EJNT, 984, 1E-06, 1E-06, 1E-06, 1E-06, 
EJNT, 985, 1E-06, 1E-06, 1E-06, 1E-06, 
EJNT, 986, 1E-06, 1E-06, 1E-06, 1E-06, 
EJNT, 987, 1E-06, 1E-06, 1E-06, 1E-06, 
EJNT, 988, 1E-06, 1E-06, 1E-06, 1E-06, 
EJNT, 989, 1E-06, 1E-06, 1E-06, 1E-06, 
EJNT, 990, 1E-06, 1E-06, 1E-06, 1E-06, 
EJNT, 991, 1E-06, 1E-06, 1E-06, 1E-06, 
EJNT, 992, 1E-06, 1E-06, 1E-06, 1E-06, 
EJNT, 993, 1E-06, 1E-06, 1E-06, 1E-06, 
EJNT, 994, 1E-06, 1E-06, 1E-06, 1E-06, 
EJNT, 995, 1E-06, 1E-06, 1E-06, 1E-06, 
EJNT, 996, 1E-06, 1E-06, 1E-06, 1E-06, 
EJNT, 997, 1E-06, 1E-06, 1E-06, 1E-06, 
EJNT, 998, 1E-06, 1E-06, 1E-06, 1E-06, 
EJNT, 999, 1E-06, 1E-06, 1E-06, 1E-06, 
EJNT, 1000, 1E-06, 1E-06, 1E-06, 1E-06, 
EJNT, 1001, 1E-06, 1E-06, 1E-06, 1E-06, 
EJNT, 1002, 1E-06, 1E-06, 1E-06, 1E-06, 
EJNT, 1003, 1E-06, 1E-06, 1E-06, 1E-06, 
EJNT, 1004, 1E-06, 1E-06, 1E-06, 1E-06, 
EJNT, 1005, 1E-06, 1E-06, 1E-06, 1E-06, 
EJNT, 1006, 1E-06, 1E-06, 1E-06, 1E-06, 
EJNT, 1007, 1E-06, 1E-06, 1E-06, 1E-06, 
EJNT, 1008, 1E-06, 1E-06, 1E-06, 1E-06, 
EJNT, 1009, 1E-06, 1E-06, 1E-06, 1E-06, 
EJNT, 1010, 1E-06, 1E-06, 1E-06, 1E-06, 
EJNT, 1011, 1E-06, 1E-06, 1E-06, 1E-06, 
EJNT, 1012, 1E-06, 1E-06, 1E-06, 1E-06, 
EJNT, 1013, 1E-06, 1E-06, 1E-06, 1E-06, 
EJNT, 1014, 1E-06, 1E-06, 1E-06, 1E-06, 
EJNT, 1015, 1E-06, 1E-06, 1E-06, 1E-06, 
EJNT, 1016, 1E-06, 1E-06, 1E-06, 1E-06, 
EJNT, 1017, 1E-06, 1E-06, 1E-06, 1E-06, 
EJNT, 1018, 1E-06, 1E-06, 1E-06, 1E-06, 
EJNT, 1019, 1E-06, 1E-06, 1E-06, 1E-06, 
EJNT, 1020, 1E-06, 1E-06, 1E-06, 1E-06, 
EJNT, 1021, 1E-06, 1E-06, 1E-06, 1E-06, 
EJNT, 1022, 1E-06, 1E-06, 1E-06, 1E-06, 
EJNT, 1023, 1E-06, 1E-06, 1E-06, 1E-06, 
EJNT, 1024, 1E-06, 1E-06, 1E-06, 1E-06, 
EJNT, 1025, 1E-06, 1E-06, 1E-06, 1E-06, 
EJNT, 1026, 1E-06, 1E-06, 1E-06, 1E-06, 
EJNT, 1027, 1E-06, 1E-06, 1E-06, 1E-06, 
EJNT, 1028, 1E-06, 1E-06, 1E-06, 1E-06, 
EJNT, 1029, 1E-06, 1E-06, 1E-06, 1E-06, 
EJNT, 1030, 1E-06, 1E-06, 1E-06, 1E-06, 
EJNT, 1031, 1E-06, 1E-06, 1E-06, 1E-06, 
EJNT, 1032, 1E-06, 1E-06, 1E-06, 1E-06, 
EJNT, 1033, 1E-06, 1E-06, 1E-06, 1E-06, 
EJNT, 1034, 1E-06, 1E-06, 1E-06, 1E-06, 
EJNT, 1035, 1E-06, 1E-06, 1E-06, 1E-06, 
EJNT, 1036, 1E-06, 1E-06, 1E-06, 1E-06, 
EJNT, 1037, 1E-06, 1E-06, 1E-06, 1E-06, 
EJNT, 1038, 1E-06, 1E-06, 1E-06, 1E-06, 
EJNT, 1039, 1E-06, 1E-06, 1E-06, 1E-06, 
EJNT, 1040, 1E-06, 1E-06, 1E-06, 1E-06, 
EJNT, 1041, 1E-06, 1E-06, 1E-06, 1E-06, 
EJNT, 1042, 1E-06, 1E-06, 1E-06, 1E-06, 
EJNT, 1043, 1E-06, 1E-06, 1E-06, 1E-06, 
EJNT, 1044, 1E-06, 1E-06, 1E-06, 1E-06, 
EJNT, 1045, 1E-06, 1E-06, 1E-06, 1E-06, 
EJNT, 1046, 1E-06, 1E-06, 1E-06, 1E-06, 
EJNT, 1047, 1E-06, 1E-06, 1E-06, 1E-06, 
EJNT, 1048, 1E-06, 1E-06, 1E-06, 1E-06, 
EJNT, 1049, 1E-06, 1E-06, 1E-06, 1E-06, 
EJNT, 1050, 1E-06, 1E-06, 1E-06, 1E-06, 
EJNT, 1051, 1E-06, 1E-06, 1E-06, 1E-06, 
EJNT, 1052, 1E-06, 1E-06, 1E-06, 1E-06, 
EJNT, 1053, 1E-06, 1E-06, 1E-06, 1E-06, 
EJNT, 1054, 1E-06, 1E-06, 1E-06, 1E-06, 
EJNT, 1055, 1E-06, 1E-06, 1E-06, 1E-06, 
EJNT, 1056, 1E-06, 1E-06, 1E-06, 1E-06, 
EJNT, 1057, 1E-06, 1E-06, 1E-06, 1E-06, 
EJNT, 1058, 1E-06, 1E-06, 1E-06, 1E-06, 
EJNT, 1059, 1E-06, 1E-06, 1E-06, 1E-06, 
EJNT, 1060, 1E-06, 1E-06, 1E-06, 1E-06, 
EJNT, 1061, 1E-06, 1E-06, 1E-06, 1E-06, 
EJNT, 1062, 1E-06, 1E-06, 1E-06, 1E-06, 
EJNT, 1063, 1E-06, 1E-06, 1E-06, 1E-06, 
EJNT, 1064, 1E-06, 1E-06, 1E-06, 1E-06, 
EJNT, 1065, 1E-06, 1E-06, 1E-06, 1E-06, 
EJNT, 1066, 1E-06, 1E-06, 1E-06, 1E-06, 
EJNT, 1067, 1E-06, 1E-06, 1E-06, 1E-06, 
EJNT, 1068, 1E-06, 1E-06, 1E-06, 1E-06, 
EJNT, 1069, 1E-06, 1E-06, 1E-06, 1E-06, 
EJNT, 1070, 1E-06, 1E-06, 1E-06, 1E-06, 
EJNT, 1071, 1E-06, 1E-06, 1E-06, 1E-06, 
EJNT, 1072, 1E-06, 1E-06, 1E-06, 1E-06, 
EJNT, 1073, 1E-06, 1E-06, 1E-06, 1E-06, 
EJNT, 1074, 1E-06, 1E-06, 1E-06, 1E-06, 
EJNT, 1075, 1E-06, 1E-06, 1E-06, 1E-06, 
EJNT, 1076, 1E-06, 1E-06, 1E-06, 1E-06, 
EJNT, 1077, 1E-06, 1E-06, 1E-06, 1E-06, 
EJNT, 1078, 1E-06, 1E-06, 1E-06, 1E-06, 
EJNT, 1079, 1E-06, 1E-06, 1E-06, 1E-06, 
EJNT, 1080, 1E-06, 1E-06, 1E-06, 1E-06, 
EJNT, 1081, 1E-06, 1E-06, 1E-06, 1E-06, 
EJNT, 1082, 1E-06, 1E-06, 1E-06, 1E-06, 
EJNT, 1083, 1E-06, 1E-06, 1E-06, 1E-06, 
EJNT, 1084, 1E-06, 1E-06, 1E-06, 1E-06, 
EJNT, 1085, 1E-06, 1E-06, 1E-06, 1E-06, 
EJNT, 1086, 1E-06, 1E-06, 1E-06, 1E-06, 
EJNT, 1087, 1E-06, 1E-06, 1E-06, 1E-06, 
EJNT, 1088, 1E-06, 1E-06, 1E-06, 1E-06, 
EJNT, 1089, 1E-06, 1E-06, 1E-06, 1E-06, 
EJNT, 1090, 1E-06, 1E-06, 1E-06, 1E-06, 
EJNT, 1091, 1E-06, 1E-06, 1E-06, 1E-06, 
EJNT, 1092, 1E-06, 1E-06, 1E-06, 1E-06, 
EJNT, 1093, 1E-06, 1E-06, 1E-06, 1E-06, 
EJNT, 1094, 1E-06, 1E-06, 1E-06, 1E-06, 
EJNT, 1095, 1E-06, 1E-06, 1E-06, 1E-06, 
EJNT, 1096, 1E-06, 1E-06, 1E-06, 1E-06, 
EJNT, 1097, 1E-06, 1E-06, 1E-06, 1E-06, 
EJNT, 1098, 1E-06, 1E-06, 1E-06, 1E-06, 
EJNT, 1099, 1E-06, 1E-06, 1E-06, 1E-06, 
EJNT, 1100, 1E-06, 1E-06, 1E-06, 1E-06, 
EJNT, 1101, 1E-06, 1E-06, 1E-06, 1E-06, 
EJNT, 1102, 1E-06, 1E-06, 1E-06, 1E-06, 
EJNT, 1103, 1E-06, 1E-06, 1E-06, 1E-06, 
EJNT, 1104, 1E-06, 1E-06, 1E-06, 1E-06, 
EJNT, 1105, 1E-06, 1E-06, 1E-06, 1E-06, 
EJNT, 1106, 1E-06, 1E-06, 1E-06, 1E-06, 
EJNT, 1107, 1E-06, 1E-06, 1E-06, 1E-06, 
EJNT, 1108, 1E-06, 1E-06, 1E-06, 1E-06, 
EJNT, 1109, 1E-06, 1E-06, 1E-06, 1E-06, 
EJNT, 1110, 1E-06, 1E-06, 1E-06, 1E-06, 
EJNT, 1111, 1E-06, 1E-06, 1E-06, 1E-06, 
EJNT, 1112, 1E-06, 1E-06, 1E-06, 1E-06, 
EJNT, 1113, 1E-06, 1E-06, 1E-06, 1E-06, 
EJNT, 1114, 1E-06, 1E-06, 1E-06, 1E-06, 
EJNT, 1115, 1E-06, 1E-06, 1E-06, 1E-06, 
EJNT, 1116, 1E-06, 1E-06, 1E-06, 1E-06, 
EJNT, 1117, 1E-06, 1E-06, 1E-06, 1E-06, 
EJNT, 1118, 1E-06, 1E-06, 1E-06, 1E-06, 
EJNT, 1119, 1E-06, 1E-06, 1E-06, 1E-06, 
EJNT, 1120, 1E-06, 1E-06, 1E-06, 1E-06, 
EJNT, 1121, 1E-06, 1E-06, 1E-06, 1E-06, 
EJNT, 1122, 1E-06, 1E-06, 1E-06, 1E-06, 
EJNT, 1123, 1E-06, 1E-06, 1E-06, 1E-06, 
EJNT, 1124, 1E-06, 1E-06, 1E-06, 1E-06, 
EJNT, 1125, 1E-06, 1E-06, 1E-06, 1E-06, 
EJNT, 1126, 1E-06, 1E-06, 1E-06, 1E-06, 
EJNT, 1127, 1E-06, 1E-06, 1E-06, 1E-06, 
EJNT, 1128, 1E-06, 1E-06, 1E-06, 1E-06, 
EJNT, 1129, 1E-06, 1E-06, 1E-06, 1E-06, 
EJNT, 1130, 1E-06, 1E-06, 1E-06, 1E-06, 
EJNT, 1131, 1E-06, 1E-06, 1E-06, 1E-06, 
EJNT, 1132, 1E-06, 1E-06, 1E-06, 1E-06, 
EJNT, 1133, 1E-06, 1E-06, 1E-06, 1E-06, 
EJNT, 1134, 1E-06, 1E-06, 1E-06, 1E-06, 
EJNT, 1135, 1E-06, 1E-06, 1E-06, 1E-06, 
EJNT, 1136, 1E-06, 1E-06, 1E-06, 1E-06, 
EJNT, 1137, 1E-06, 1E-06, 1E-06, 1E-06, 
EJNT, 1138, 1E-06, 1E-06, 1E-06, 1E-06, 
EJNT, 1139, 1E-06, 1E-06, 1E-06, 1E-06, 
EJNT, 1140, 1E-06, 1E-06, 1E-06, 1E-06, 
EJNT, 1141, 1E-06, 1E-06, 1E-06, 1E-06, 
EJNT, 1142, 1E-06, 1E-06, 1E-06, 1E-06, 
EJNT, 1143, 1E-06, 1E-06, 1E-06, 1E-06, 
EJNT, 1144, 1E-06, 1E-06, 1E-06, 1E-06, 
EJNT, 1145, 1E-06, 1E-06, 1E-06, 1E-06, 
EJNT, 1146, 1E-06, 1E-06, 1E-06, 1E-06, 
EJNT, 1147, 1E-06, 1E-06, 1E-06, 1E-06, 
EJNT, 1148, 1E-06, 1E-06, 1E-06, 1E-06, 
EJNT, 1149, 1E-06, 1E-06, 1E-06, 1E-06, 
EJNT, 1150, 1E-06, 1E-06, 1E-06, 1E-06, 
EJNT, 1151, 1E-06, 1E-06, 1E-06, 1E-06, 
EJNT, 1152, 1E-06, 1E-06, 1E-06, 1E-06, 
EJNT, 1153, 1E-06, 1E-06, 1E-06, 1E-06, 
EJNT, 1154, 1E-06, 1E-06, 1E-06, 1E-06, 
EJNT, 1155, 1E-06, 1E-06, 1E-06, 1E-06, 
EJNT, 1156, 1E-06, 1E-06, 1E-06, 1E-06, 
EJNT, 1157, 1E-06, 1E-06, 1E-06, 1E-06, 
EJNT, 1158, 1E-06, 1E-06, 1E-06, 1E-06, 
EJNT, 1159, 1E-06, 1E-06, 1E-06, 1E-06, 
EJNT, 1160, 1E-06, 1E-06, 1E-06, 1E-06, 
EJNT, 1161, 1E-06, 1E-06, 1E-06, 1E-06, 
EJNT, 1162, 1E-06, 1E-06, 1E-06, 1E-06, 
EJNT, 90, 1E-06, 1E-06, 1E-06, 1E-06, 
EJNT, 91, 1E-06, 1E-06, 1E-06, 1E-06, 
EJNT, 92, 1E-06, 1E-06, 1E-06, 1E-06, 
EJNT, 93, 1E-06, 1E-06, 1E-06, 1E-06, 
EJNT, 94, 1E-06, 1E-06, 1E-06, 1E-06, 
EJNT, 95, 1E-06, 1E-06, 1E-06, 1E-06, 
EJNT, 96, 1E-06, 1E-06, 1E-06, 1E-06, 
EJNT, 97, 1E-06, 1E-06, 1E-06, 1E-06, 
EJNT, 98, 1E-06, 1E-06, 1E-06, 1E-06, 
EJNT, 99, 1E-06, 1E-06, 1E-06, 1E-06, 
EJNT, 100, 1E-06, 1E-06, 1E-06, 1E-06, 
EJNT, 101, 1E-06, 1E-06, 1E-06, 1E-06, 
EJNT, 102, 1E-06, 1E-06, 1E-06, 1E-06, 
EJNT, 103, 1E-06, 1E-06, 1E-06, 1E-06, 
EJNT, 104, 1E-06, 1E-06, 1E-06, 1E-06, 
EJNT, 105, 1E-06, 1E-06, 1E-06, 1E-06, 
EJNT, 106, 1E-06, 1E-06, 1E-06, 1E-06, 
EJNT, 107, 1E-06, 1E-06, 1E-06, 1E-06, 
EJNT, 108, 1E-06, 1E-06, 1E-06, 1E-06, 
EJNT, 109, 1E-06, 1E-06, 1E-06, 1E-06, 
EJNT, 110, 1E-06, 1E-06, 1E-06, 1E-06, 
EJNT, 0, 1E-06, 1E-06, 1E-06, 1E-06, 
EJNT, 1, 1E-06, 1E-06, 1E-06, 1E-06, 
EJNT, 2, 1E-06, 1E-06, 1E-06, 1E-06, 
EJNT, 3, 1E-06, 1E-06, 1E-06, 1E-06, 
EJNT, 4, 1E-06, 1E-06, 1E-06, 1E-06, 
EJNT, 5, 1E-06, 1E-06, 1E-06, 1E-06, 
EJNT, 6, 1E-06, 1E-06, 1E-06, 1E-06, 
EJNT, 7, 1E-06, 1E-06, 1E-06, 1E-06, 
EJNT, 8, 1E-06, 1E-06, 1E-06, 1E-06, 
EJNT, 9, 1E-06, 1E-06, 1E-06, 1E-06, 
EJNT, 10, 1E-06, 1E-06, 1E-06, 1E-06, 
EJNT, 11, 1E-06, 1E-06, 1E-06, 1E-06, 
EJNT, 12, 1E-06, 1E-06, 1E-06, 1E-06, 
EJNT, 13, 1E-06, 1E-06, 1E-06, 1E-06, 
EJNT, 14, 1E-06, 1E-06, 1E-06, 1E-06, 
EJNT, 15, 1E-06, 1E-06, 1E-06, 1E-06, 
EJNT, 16, 1E-06, 1E-06, 1E-06, 1E-06, 
EJNT, 17, 1E-06, 1E-06, 1E-06, 1E-06, 
EJNT, 18, 1E-06, 1E-06, 1E-06, 1E-06, 
EJNT, 19, 1E-06, 1E-06, 1E-06, 1E-06, 
EJNT, 20, 1E-06, 1E-06, 1E-06, 1E-06, 
EJNT, 21, 1E-06, 1E-06, 1E-06, 1E-06, 
EJNT, 22, 1E-06, 1E-06, 1E-06, 1E-06, 
EJNT, 23, 1E-06, 1E-06, 1E-06, 1E-06, 
EJNT, 24, 1E-06, 1E-06, 1E-06, 1E-06, 
EJNT, 25, 1E-06, 1E-06, 1E-06, 1E-06, 
EJNT, 26, 1E-06, 1E-06, 1E-06, 1E-06, 
EJNT, 27, 1E-06, 1E-06, 1E-06, 1E-06, 
EJNT, 28, 1E-06, 1E-06, 1E-06, 1E-06, 
EJNT, 29, 1E-06, 1E-06, 1E-06, 1E-06, 
EJNT, 30, 1E-06, 1E-06, 1E-06, 1E-06, 
EJNT, 31, 1E-06, 1E-06, 1E-06, 1E-06, 
EJNT, 32, 1E-06, 1E-06, 1E-06, 1E-06, 
EJNT, 33, 1E-06, 1E-06, 1E-06, 1E-06, 
EJNT, 34, 1E-06, 1E-06, 1E-06, 1E-06, 
EJNT, 35, 1E-06, 1E-06, 1E-06, 1E-06, 
EJNT, 36, 1E-06, 1E-06, 1E-06, 1E-06, 
EJNT, 37, 1E-06, 1E-06, 1E-06, 1E-06, 
EJNT, 38, 1E-06, 1E-06, 1E-06, 1E-06, 
EJNT, 39, 1E-06, 1E-06, 1E-06, 1E-06, 
EJNT, 40, 1E-06, 1E-06, 1E-06, 1E-06, 
EJNT, 41, 1E-06, 1E-06, 1E-06, 1E-06, 
EJNT, 42, 1E-06, 1E-06, 1E-06, 1E-06, 
EJNT, 43, 1E-06, 1E-06, 1E-06, 1E-06, 
EJNT, 44, 1E-06, 1E-06, 1E-06, 1E-06, 
EJNT, 45, 1E-06, 1E-06, 1E-06, 1E-06, 
EJNT, 438,      ,      ,      ,      , 
EJNT, 439, 1E-06, 1E-06,      ,      , 
EJNT, 440,      ,      , 1E-06, 1E-06, 
EJNT, 441,      ,      ,      ,      , 
EJNT, 442,      ,      ,      ,      , 
EJNT, 443,      ,      ,      ,      , 
EJNT, 444,      ,      ,      ,      , 
EJNT, 445,      ,      ,      ,      , 
EJNT, 446, 1E-06, 1E-06, 1E-06, 1E-06, 
EJNT, 447, 1E-06, 1E-06, 1E-06, 1E-06, 
EJNT, 448, 1E-06, 1E-06, 1E-06, 1E-06, 
EJNT, 449, 1E-06, 1E-06, 1E-06, 1E-06, 
EJNT, 450, 1E-06, 1E-06, 1E-06, 1E-06, 
EJNT, 451, 1E-06, 1E-06, 1E-06, 1E-06, 
EJNT, 452, 1E-06, 1E-06, 1E-06, 1E-06, 
EJNT, 453, 1E-06, 1E-06, 1E-06, 1E-06, 
EJNT, 454, 1E-06, 1E-06, 1E-06, 1E-06, 
EJNT, 455, 1E-06, 1E-06, 1E-06, 1E-06, 
EJNT, 456, 1E-06, 1E-06, 1E-06, 1E-06, 
EJNT, 457,      ,      , 1E-06, 1E-06, 
EJNT, 458,      ,      , 1E-06, 1E-06, 
EJNT, 459,      ,      , 1E-06, 1E-06, 
EJNT, 460,      ,      ,      ,      , 
EJNT, 461, 1E-06, 1E-06, 1E-06, 1E-06, 
EJNT, 462, 1E-06, 1E-06, 1E-06, 1E-06, 
EJNT, 463, 1E-06, 1E-06, 1E-06, 1E-06, 
EJNT, 464, 1E-06, 1E-06, 1E-06, 1E-06, 
EJNT, 465, 1E-06, 1E-06, 1E-06, 1E-06, 
EJNT, 466, 1E-06, 1E-06, 1E-06, 1E-06, 
EJNT, 467, 1E-06, 1E-06, 1E-06, 1E-06, 
EJNT, 468,      ,      ,      ,      , 
EJNT, 531, 1E-06, 1E-06, 1E-06, 1E-06, 
EJNT, 532, 1E-06, 1E-06, 1E-06, 1E-06, 
EJNT, 533, 1E-06, 1E-06, 1E-06, 1E-06, 
EJNT, 534, 1E-06, 1E-06, 1E-06, 1E-06, 
EJNT, 535, 1E-06, 1E-06, 1E-06, 1E-06, 
EJNT, 536, 1E-06, 1E-06, 1E-06, 1E-06, 
EJNT, 537, 1E-06, 1E-06, 1E-06, 1E-06, 
EJNT, 538, 1E-06, 1E-06, 1E-06, 1E-06, 
EJNT, 539, 1E-06, 1E-06, 1E-06, 1E-06, 
EJNT, 540, 1E-06, 1E-06, 1E-06, 1E-06, 
EJNT, 541, 1E-06, 1E-06, 1E-06, 1E-06, 
EJNT, 542, 1E-06, 1E-06, 1E-06, 1E-06, 
EJNT, 543, 1E-06, 1E-06, 1E-06, 1E-06, 
EJNT, 544, 1E-06, 1E-06, 1E-06, 1E-06, 
EJNT, 545, 1E-06, 1E-06,      ,      , 
EJNT, 546,      ,      ,      ,      , 
EJNT, 547,      ,      ,      ,      , 
EJNT, 548,      ,      ,      ,      , 
EJNT, 549,      ,      , 1E-06, 1E-06, 
EJNT, 550, 1E-06, 1E-06,      ,      , 
EJNT, 551,      ,      ,      ,      , 
EJNT, 552,      ,      ,      ,      , 
EJNT, 553,      ,      ,      ,      , 
EJNT, 554,      ,      , 1E-06, 1E-06, 
EJNT, 555,      ,      , 1E-06, 1E-06, 
EJNT, 556, 1E-06, 1E-06,      ,      , 
EJNT, 557,      ,      ,      ,      , 
EJNT, 558,      ,      ,      ,      , 
EJNT, 559,      ,      ,      ,      , 
EJNT, 560, 1E-06, 1E-06,      ,      , 
EJNT, 561,      ,      , 1E-06, 1E-06, 
EJNT, 562, 1E-06, 1E-06,      ,      , 
EJNT, 563,      ,      , 1E-06, 1E-06, 
EJNT, 564, 1E-06, 1E-06,      ,      , 
EJNT, 565,      ,      , 1E-06, 1E-06, 
EJNT, 326, 1E-06, 1E-06,      ,      , 
EJNT, 327,      ,      , 1E-06, 1E-06, 
EJNT, 328,      ,      ,      ,      , 
EJNT, 329,      ,      ,      ,      , 
EJNT, 330,      ,      ,      ,      , 
EJNT, 331, 1E-06, 1E-06,      ,      , 
EJNT, 332,      ,      ,      ,      , 
EJNT, 333,      ,      ,      ,      , 
EJNT, 334,      ,      ,      ,      , 
EJNT, 335,      ,      , 1E-06, 1E-06, 
EJNT, 336, 1E-06, 1E-06,      ,      , 
EJNT, 337,      ,      ,      ,      , 
EJNT, 338,      ,      ,      ,      , 
EJNT, 339,      ,      ,      ,      , 
EJNT, 340,      ,      , 1E-06, 1E-06, 
EJNT, 341, 1E-06, 1E-06,      ,      , 
EJNT, 342,      ,      ,      ,      , 
EJNT, 343,      ,      ,      ,      , 
EJNT, 344,      ,      ,      ,      , 
EJNT, 345,      ,      , 1E-06, 1E-06, 
EJNT, 346, 1E-06, 1E-06,      ,      , 
EJNT, 347,      ,      ,      ,      , 
EJNT, 348,      ,      ,      ,      , 
EJNT, 349,      ,      ,      ,      , 
EJNT, 350,      ,      , 1E-06, 1E-06, 
EJNT, 351, 1E-06, 1E-06,      ,      , 
EJNT, 352,      ,      ,      ,      , 
EJNT, 353,      ,      ,      ,      , 
EJNT, 354,      ,      ,      ,      , 
EJNT, 355,      ,      , 1E-06, 1E-06, 
EJNT, 356, 1E-06, 1E-06,      ,      , 
EJNT, 357,      ,      ,      ,      , 
EJNT, 358,      ,      ,      ,      , 
EJNT, 359,      ,      ,      ,      , 
EJNT, 360,      ,      , 1E-06, 1E-06, 
EJNT, 361,      ,      ,      ,      , 
EJNT, 362,      ,      ,      ,      , 
EJNT, 363,      ,      ,      ,      , 
EJNT, 364,      ,      ,      ,      , 
EJNT, 365,      ,      , 1E-06, 1E-06, 
EJNT, 366,      ,      ,      ,      , 
EJNT, 367,      ,      ,      ,      , 
EJNT, 368,      ,      ,      ,      , 
EJNT, 369,      ,      ,      ,      , 
EJNT, 370,      ,      ,      ,      , 
EJNT, 371, 1E-06, 1E-06,      ,      , 
EJNT, 372,      ,      ,      ,      , 
EJNT, 373,      ,      ,      ,      , 
EJNT, 374,      ,      ,      ,      , 
EJNT, 375,      ,      ,      ,      , 
EJNT, 376,      ,      , 1E-06, 1E-06, 
EJNT, 377,      ,      ,      ,      , 
EJNT, 378,      ,      ,      ,      , 
EJNT, 379,      ,      ,      ,      , 
EJNT, 380,      ,      ,      ,      , 
EJNT, 381,      ,      ,      ,      , 
EJNT, 382,      ,      ,      ,      , 
EJNT, 383,      ,      ,      ,      , 
EJNT, 384,      ,      ,      ,      , 
EJNT, 385,      ,      ,      ,      , 
EJNT, 386,      ,      ,      ,      , 
EJNT, 211, 1E-06, 1E-06,      ,      , 
EJNT, 212,      ,      , 1E-06, 1E-06, 
EJNT, 213, 1E-06, 1E-06,      ,      , 
EJNT, 214,      ,      ,      ,      , 
EJNT, 215,      ,      ,      ,      , 
EJNT, 216,      ,      ,      ,      , 
EJNT, 217,      ,      , 1E-06, 1E-06, 
EJNT, 218,      ,      ,      ,      , 
EJNT, 219,      ,      ,      ,      , 
EJNT, 220,      ,      ,      ,      , 
EJNT, 221, 1E-06, 1E-06,      ,      , 
EJNT, 222,      ,      ,      ,      , 
EJNT, 223,      ,      ,      ,      , 
EJNT, 224,      ,      ,      ,      , 
EJNT, 225,      ,      , 1E-06, 1E-06, 
EJNT, 226, 1E-06, 1E-06,      ,      , 
EJNT, 227,      ,      ,      ,      , 
EJNT, 228,      ,      ,      ,      , 
EJNT, 229,      ,      ,      ,      , 
EJNT, 230,      ,      , 1E-06, 1E-06, 
EJNT, 231, 1E-06, 1E-06,      ,      , 
EJNT, 232,      ,      ,      ,      , 
EJNT, 233,      ,      ,      ,      , 
EJNT, 234,      ,      ,      ,      , 
EJNT, 235,      ,      , 1E-06, 1E-06, 
EJNT, 236, 1E-06, 1E-06,      ,      , 
EJNT, 237,      ,      ,      ,      , 
EJNT, 238,      ,      ,      ,      , 
EJNT, 239,      ,      ,      ,      , 
EJNT, 240,      ,      , 1E-06, 1E-06, 
EJNT, 241, 1E-06, 1E-06,      ,      , 
EJNT, 242,      ,      ,      ,      , 
EJNT, 243,      ,      ,      ,      , 
EJNT, 244,      ,      ,      ,      , 
EJNT, 245,      ,      , 1E-06, 1E-06, 
EJNT, 246,      ,      ,      ,      , 
EJNT, 247,      ,      ,      ,      , 
EJNT, 248,      ,      ,      ,      , 
EJNT, 249,      ,      ,      ,      , 
EJNT, 250,      ,      , 1E-06, 1E-06, 
EJNT, 251,      ,      ,      ,      , 
EJNT, 252,      ,      ,      ,      , 
EJNT, 253,      ,      ,      ,      , 
EJNT, 254,      ,      ,      ,      , 
EJNT, 255,      ,      ,      ,      , 
EJNT, 256,      ,      ,      ,      , 
EJNT, 257,      ,      ,      ,      , 
EJNT, 258,      ,      ,      ,      , 
EJNT, 259,      ,      ,      ,      , 
EJNT, 260,      ,      ,      ,      , 
EJNT, 261,      ,      ,      ,      , 
EJNT, 262,      ,      ,      ,      , 
EJNT, 263,      ,      ,      ,      , 
EJNT, 264,      ,      ,      ,      , 
EJNT, 265,      ,      ,      ,      , 
EJNT, 266,      ,      ,      ,      , 
EJNT, 267,      ,      ,      ,      , 
EJNT, 268,      ,      ,      ,      , 
EJNT, 269,      ,      ,      ,      , 
EJNT, 270,      ,      ,      ,      , 
EJNT, 271,      ,      , 1E-06, 1E-06, 
EJNT, 272,      ,      ,      ,      , 
EJNT, 273, 1E-06, 1E-06,      ,      , 
EJNT, 274, 1E-06, 1E-06, 1E-06, 1E-06, 
EJNT, 275, 1E-06, 1E-06, 1E-06, 1E-06, 
EJNT, 276, 1E-06, 1E-06, 1E-06, 1E-06, 
EJNT, 277, 1E-06, 1E-06, 1E-06, 1E-06, 
EJNT, 278, 1E-06, 1E-06, 1E-06, 1E-06, 
EJNT, 279, 1E-06, 1E-06, 1E-06, 1E-06, 
EJNT, 280, 1E-06, 1E-06, 1E-06, 1E-06, 
EJNT, 281, 1E-06, 1E-06, 1E-06, 1E-06, 
EJNT, 282, 1E-06, 1E-06, 1E-06, 1E-06, 
EJNT, 283,      ,      , 1E-06, 1E-06, 
EJNT, 284, 1E-06, 1E-06, 1E-06, 1E-06, 
EJNT, 285, 1E-06, 1E-06, 1E-06, 1E-06, 
EJNT, 286, 1E-06, 1E-06, 1E-06, 1E-06, 
EJNT, 287, 1E-06, 1E-06, 1E-06, 1E-06, 
EJNT, 288, 1E-06, 1E-06, 1E-06, 1E-06, 
EJNT, 289, 1E-06, 1E-06, 1E-06, 1E-06, 
EJNT, 387, 1E-06, 1E-06, 1E-06, 1E-06, 
EJNT, 388, 1E-06, 1E-06, 1E-06, 1E-06, 
EJNT, 389, 1E-06, 1E-06, 1E-06, 1E-06, 
EJNT, 390, 1E-06, 1E-06, 1E-06, 1E-06, 
EJNT, 391, 1E-06, 1E-06, 1E-06, 1E-06, 
EJNT, 392, 1E-06, 1E-06, 1E-06, 1E-06, 
EJNT, 393, 1E-06, 1E-06, 1E-06, 1E-06, 
EJNT, 394, 1E-06, 1E-06, 1E-06, 1E-06, 
EJNT, 395, 1E-06, 1E-06, 1E-06, 1E-06, 
EJNT, 396,      ,      , 1E-06, 1E-06, 
EJNT, 397, 1E-06, 1E-06, 1E-06, 1E-06, 
EJNT, 398, 1E-06, 1E-06, 1E-06, 1E-06, 
EJNT, 399, 1E-06, 1E-06, 1E-06, 1E-06, 
EJNT, 400, 1E-06, 1E-06, 1E-06, 1E-06, 
EJNT, 401, 1E-06, 1E-06, 1E-06, 1E-06, 
EJNT, 402, 1E-06, 1E-06, 1E-06, 1E-06, 
EJNT, 403,      ,      ,      ,      , 
EJNT, 404,      ,      ,      ,      , 
EJNT, 405, 1E-06, 1E-06,      ,      , 
EJNT, 406,      ,      , 1E-06, 1E-06, 
EJNT, 407,      ,      ,      ,      , 
EJNT, 290,      ,      ,      ,      , 
EJNT, 291,      ,      ,      ,      , 
EJNT, 292, 1E-06, 1E-06,      ,      , 
EJNT, 293,      ,      , 1E-06, 1E-06, 
EJNT, 294,      ,      ,      ,      , 
EJNT, 408,      ,      , 1E-06, 1E-06, 
EJNT, 409,      ,      , 1E-06, 1E-06, 
EJNT, 410,      ,      , 1E-06, 1E-06, 
EJNT, 411,      ,      ,      ,      , 
EJNT, 412,      ,      ,      ,      , 
EJNT, 413,      ,      ,      ,      , 
EJNT, 414,      ,      ,      ,      , 
EJNT, 415,      ,      ,      ,      , 
EJNT, 416,      ,      ,      ,      , 
EJNT, 417,      ,      ,      ,      , 
EJNT, 418,      ,      ,      ,      , 
EJNT, 419,      ,      ,      ,      , 
EJNT, 420,      ,      ,      ,      , 
EJNT, 421,      ,      ,      ,      , 
EJNT, 422,      ,      ,      ,      , 
EJNT, 423,      ,      ,      ,      , 
EJNT, 424,      ,      ,      ,      , 
EJNT, 425,      ,      ,      ,      , 
EJNT, 295,      ,      , 1E-06, 1E-06, 
EJNT, 296,      ,      , 1E-06, 1E-06, 
EJNT, 297,      ,      , 1E-06, 1E-06, 
EJNT, 298,      ,      ,      ,      , 
EJNT, 299,      ,      ,      ,      , 
EJNT, 300,      ,      ,      ,      , 
EJNT, 301,      ,      ,      ,      , 
EJNT, 302,      ,      ,      ,      , 
EJNT, 303,      ,      ,      ,      , 
EJNT, 304,      ,      ,      ,      , 
EJNT, 305,      ,      ,      ,      , 
EJNT, 306,      ,      ,      ,      , 
EJNT, 307,      ,      ,      ,      , 
EJNT, 308,      ,      ,      ,      , 
EJNT, 309,      ,      ,      ,      , 
EJNT, 310,      ,      ,      ,      , 
EJNT, 311,      ,      ,      ,      , 
EJNT, 312,      ,      ,      ,      , 
EJNT, 483,      ,      , 1E-06, 1E-06, 
EJNT, 484,      ,      , 1E-06, 1E-06, 
EJNT, 485,      ,      ,      ,      , 
EJNT, 486,      ,      ,      ,      , 
EJNT, 487,      ,      ,      ,      , 
EJNT, 488,      ,      ,      ,      , 
EJNT, 489,      ,      ,      ,      , 
EJNT, 490,      ,      ,      ,      , 
EJNT, 491,      ,      ,      ,      , 
EJNT, 492,      ,      ,      ,      , 
EJNT, 493,      ,      ,      ,      , 
EJNT, 494,      ,      ,      ,      , 
EJNT, 495,      ,      ,      ,      , 
EJNT, 496,      ,      ,      ,      , 
EJNT, 497,      ,      ,      ,      , 
EJNT, 498,      ,      ,      ,      , 
EJNT, 499,      ,      ,      ,      , 
EJNT, 500,      ,      ,      ,      , 
EJNT, 501,      ,      ,      ,      , 
EJNT, 502,      ,      ,      ,      , 
EJNT, 503,      ,      ,      ,      , 
EJNT, 504,      ,      ,      ,      , 
EJNT, 505,      ,      ,      ,      , 
EJNT, 506,      ,      ,      ,      , 
EJNT, 507,      ,      ,      ,      , 
EJNT, 508,      ,      ,      ,      , 
EJNT, 509,      ,      ,      ,      , 
EJNT, 510,      ,      ,      ,      , 
EJNT, 511,      ,      ,      ,      , 
EJNT, 512,      ,      ,      ,      , 
EJNT, 513,      ,      ,      ,      , 
EJNT, 514,      ,      ,      ,      , 
EJNT, 515,      ,      ,      ,      , 
EJNT, 516,      ,      ,      ,      , 
EJNT, 517,      ,      ,      ,      , 
EJNT, 518,      ,      ,      ,      , 
EJNT, 519,      ,      ,      ,      , 
EJNT, 520,      ,      ,      ,      , 
EJNT, 521,      ,      ,      ,      , 
EJNT, 522,      ,      ,      ,      , 
EJNT, 523,      ,      ,      ,      , 
EJNT, 524,      ,      ,      ,      , 
EJNT, 525,      ,      ,      ,      , 
EJNT, 526,      ,      ,      ,      , 
EJNT, 527,      ,      ,      ,      , 
EJNT, 528,      ,      ,      ,      , 
EJNT, 529,      ,      ,      ,      , 
EJNT, 530,      ,      ,      ,      , 
EJNT, 201,      ,      ,      ,      , 
EJNT, 202,      ,      ,      ,      , 
EJNT, 203,      ,      ,      ,      , 
EJNT, 204, 1E-06, 1E-06,      ,      , 
EJNT, 205,      ,      ,      ,      , 
EJNT, 206, 1E-06, 1E-06,      ,      , 
EJNT, 207,      ,      , 1E-06, 1E-06, 
EJNT, 208,      ,      ,      ,      , 
EJNT, 209,      ,      ,      ,      , 
EJNT, 210,      ,      ,      ,      , 
EJNT, 313, 1E-06, 1E-06,      ,      , 
EJNT, 314,      ,      ,      ,      , 
EJNT, 315, 1E-06, 1E-06,      ,      , 
EJNT, 316,      ,      ,      ,      , 
EJNT, 317,      ,      , 1E-06, 1E-06, 
EJNT, 318, 1E-06, 1E-06,      ,      , 
EJNT, 319, 1E-06, 1E-06,      ,      , 
EJNT, 320,      ,      , 1E-06, 1E-06, 
EJNT, 321, 1E-06, 1E-06,      ,      , 
EJNT, 322,      ,      , 1E-06, 1E-06, 
EJNT, 323,      ,      ,      ,      , 
EJNT, 324,      ,      ,      ,      , 
EJNT, 325, 1E-06, 1E-06,      ,      , 
EJNT, 426, 1E-06, 1E-06,      ,      , 
EJNT, 427,      ,      ,      ,      , 
EJNT, 428, 1E-06, 1E-06,      ,      , 
EJNT, 429,      ,      , 1E-06, 1E-06, 
EJNT, 430,      ,      , 1E-06, 1E-06, 
EJNT, 431, 1E-06, 1E-06,      ,      , 
EJNT, 432,      ,      , 1E-06, 1E-06, 
EJNT, 433, 1E-06, 1E-06,      ,      , 
EJNT, 434,      ,      , 1E-06, 1E-06, 
EJNT, 435, 1E-06, 1E-06,      ,      , 
EJNT, 436,      ,      , 1E-06, 1E-06, 
EJNT, 437, 1E-06, 1E-06,      ,      , 
EJNT, 469, 1E-06, 1E-06, 1E-06, 1E-06, 
EJNT, 470, 1E-06, 1E-06, 1E-06, 1E-06, 
EJNT, 471, 1E-06, 1E-06, 1E-06, 1E-06, 
EJNT, 472, 1E-06, 1E-06, 1E-06, 1E-06, 
EJNT, 473, 1E-06, 1E-06, 1E-06, 1E-06, 
EJNT, 474,      ,      ,      ,      , 
EJNT, 475,      ,      , 1E-06, 1E-06, 
EJNT, 476, 1E-06, 1E-06,      ,      , 
EJNT, 477,      ,      , 1E-06, 1E-06, 
EJNT, 478, 1E-06, 1E-06,      ,      , 
EJNT, 479,      ,      ,      ,      , 
EJNT, 480,      ,      ,      ,      , 
EJNT, 481,      ,      ,      ,      , 
EJNT, 482,      ,      ,      ,      , 
EJNT, 492,      ,      ,      ,      , 
EJNT, 493,      ,      ,      ,      , 
EJNT, 494,      ,      ,      ,      , 
EJNT, 495,      ,      ,      ,      , 
EJNT, 496,      ,      ,      ,      , 
EJNT, 497,      ,      ,      ,      , 
EJNT, 498,      ,      ,      ,      , 
EJNT, 499,      ,      ,      ,      , 
EJNT, 500,      ,      ,      ,      , 
EJNT, 501,      ,      ,      ,      , 
EJNT, 502,      ,      ,      ,      , 
EJNT, 503,      ,      ,      ,      , 
EJNT, 504,      ,      ,      ,      , 
EJNT, 505,      ,      ,      ,      , 
EJNT, 506,      ,      ,      ,      , 
EJNT, 507,      ,      ,      ,      , 
EJNT, 508,      ,      ,      ,      , 
EJNT, 509,      ,      ,      ,      , 
EJNT, 510,      ,      ,      ,      , 
EJNT, 511,      ,      ,      ,      , 
EJNT, 512,      ,      ,      ,      , 
EJNT, 513,      ,      ,      ,      , 
EJNT, 514,      ,      ,      ,      , 
EJNT, 515,      ,      ,      ,      , 
EJNT, 516,      ,      ,      ,      , 
EJNT, 517,      ,      ,      ,      , 
EJNT, 518,      ,      ,      ,      , 
EJNT, 519,      ,      ,      ,      , 
EJNT, 520,      ,      ,      ,      , 
EJNT, 521,      ,      ,      ,      , 
EJNT, 522,      ,      ,      ,      , 
EJNT, 523,      ,      ,      ,      , 
EJNT, 524,      ,      ,      ,      , 
EJNT, 525,      ,      ,      ,      , 
EJNT, 526,      ,      ,      ,      , 
EJNT, 527,      ,      ,      ,      , 
EJNT, 528,      ,      ,      ,      , 
EJNT, 529,      ,      ,      ,      , 
EJNT, 530,      ,      ,      ,      , 

# --- GRAVITY LOAD(GLOD) ---
# GLOD,   LC,         GX,         GY,         GZ
#     ,     ,       m/s2,       m/s2,       m/s2

GLOD,      0,        0.0,        0.0,   -9.80665
